-- MySQL dump 10.13  Distrib 8.0.46, for Win64 (x86_64)
--
-- Host: localhost    Database: sanat_galerisi
-- ------------------------------------------------------
-- Server version	8.0.46

/*!40101 SET @OLD_CHARACTER_SET_CLIENT=@@CHARACTER_SET_CLIENT */;
/*!40101 SET @OLD_CHARACTER_SET_RESULTS=@@CHARACTER_SET_RESULTS */;
/*!40101 SET @OLD_COLLATION_CONNECTION=@@COLLATION_CONNECTION */;
/*!50503 SET NAMES utf8 */;
/*!40103 SET @OLD_TIME_ZONE=@@TIME_ZONE */;
/*!40103 SET TIME_ZONE='+00:00' */;
/*!40014 SET @OLD_UNIQUE_CHECKS=@@UNIQUE_CHECKS, UNIQUE_CHECKS=0 */;
/*!40014 SET @OLD_FOREIGN_KEY_CHECKS=@@FOREIGN_KEY_CHECKS, FOREIGN_KEY_CHECKS=0 */;
/*!40101 SET @OLD_SQL_MODE=@@SQL_MODE, SQL_MODE='NO_AUTO_VALUE_ON_ZERO' */;
/*!40111 SET @OLD_SQL_NOTES=@@SQL_NOTES, SQL_NOTES=0 */;

--
-- Table structure for table `artists`
--

DROP TABLE IF EXISTS `artists`;
/*!40101 SET @saved_cs_client     = @@character_set_client */;
/*!50503 SET character_set_client = utf8mb4 */;
CREATE TABLE `artists` (
  `id` int NOT NULL AUTO_INCREMENT,
  `name` varchar(120) CHARACTER SET utf8mb4 COLLATE utf8mb4_turkish_ci NOT NULL,
  `bio` text CHARACTER SET utf8mb4 COLLATE utf8mb4_turkish_ci,
  `birth_year` int DEFAULT NULL,
  `nationality` varchar(80) CHARACTER SET utf8mb4 COLLATE utf8mb4_turkish_ci DEFAULT NULL,
  PRIMARY KEY (`id`)
) ENGINE=InnoDB AUTO_INCREMENT=17 DEFAULT CHARSET=utf8mb4 COLLATE=utf8mb4_turkish_ci;
/*!40101 SET character_set_client = @saved_cs_client */;

--
-- Dumping data for table `artists`
--

LOCK TABLES `artists` WRITE;
/*!40000 ALTER TABLE `artists` DISABLE KEYS */;
INSERT INTO `artists` VALUES (1,'Leonardo da Vinci','Italyan Ronesans ustasi. Ressam, bilim insani ve mucit.',1452,'İtalyan'),(2,'Vincent van Gogh','Post-empresyonizmin öncüsü. Canli renkleri ve yogun firca darbeleriyle taninir.',1853,'Hollandalı'),(3,'Edvard Munch','Ekspresyonizmin öncüsü, varoluşsal kaygılariyla taninan Norvecli ressam.',1863,'Norveçli'),(4,'Raphael','Ronesansin uc büyük ustasindan biri; denge ve armoni sembolü.',1483,'İtalyan'),(5,'Michelangelo','Ronesansin dehasi; Sistine Sapeli tavani ve heykeltrasligiyla ünlü.',1475,'İtalyan'),(6,'Salvador Dali','Sürrealizmin en taninan ismi; bilincdisi ve rüya imgelerini tuvallestirdi.',1904,'İspanyol'),(7,'Gustav Klimt','Viyana Sezesyon hareketinin önderi; altin yaprak kullanimiyla ünlü.',1862,'Avusturyalı'),(8,'Sandro Botticelli','Italyan Erken Ronesans ustasi; mitolojik sahneleriyle taninir.',1445,'İtalyan'),(9,'Osman Hamdi Bey','Osmanli döneminin önemli ressami ve müzeci.',1842,'Türk'),(10,'Zerhaki','Pixelart sanatçısı',2004,'Türk'),(11,'İbrahim Çallı','Türk resminde Çallı Kuşağı olarak bilinen akımın öncüsü, bağımsızlık ruhunu yansıtan usta.',1882,'Türk'),(12,'Claude Monet','Empresyonizm (İzlenimcilik) akımının isim babası ve kurucusu.',1840,'Fransız'),(13,'Pablo Picasso','Kübizm akımının yaratıcısı, 20. yüzyılın en üretken dehası.',1881,'İspanyol'),(14,'Johannes Vermeer','Işığı ustalıkla kullanan Hollandalı Barok ressamı.',1632,'Hollandalı'),(15,'Frida Kahlo','Kendi acılarını ve kültürünü yansıtan sürrealist ikon.',1907,'Meksikalı'),(16,'Rembrandt','Işığın ve gölgelerin efendisi, Hollanda Altın Çağı ressamı.',1606,'Hollandalı');
/*!40000 ALTER TABLE `artists` ENABLE KEYS */;
UNLOCK TABLES;

--
-- Table structure for table `artwork_views`
--

DROP TABLE IF EXISTS `artwork_views`;
/*!40101 SET @saved_cs_client     = @@character_set_client */;
/*!50503 SET character_set_client = utf8mb4 */;
CREATE TABLE `artwork_views` (
  `id` int NOT NULL AUTO_INCREMENT,
  `artwork_id` int NOT NULL,
  `viewed_at` datetime DEFAULT CURRENT_TIMESTAMP,
  PRIMARY KEY (`id`),
  KEY `artwork_id` (`artwork_id`),
  CONSTRAINT `artwork_views_ibfk_1` FOREIGN KEY (`artwork_id`) REFERENCES `artworks` (`id`)
) ENGINE=InnoDB AUTO_INCREMENT=146 DEFAULT CHARSET=utf8mb4 COLLATE=utf8mb4_turkish_ci;
/*!40101 SET character_set_client = @saved_cs_client */;

--
-- Dumping data for table `artwork_views`
--

LOCK TABLES `artwork_views` WRITE;
/*!40000 ALTER TABLE `artwork_views` DISABLE KEYS */;
INSERT INTO `artwork_views` VALUES (1,1,'2026-05-09 19:27:38'),(2,1,'2026-05-09 19:27:38'),(3,1,'2026-05-09 19:27:38'),(4,1,'2026-05-09 19:27:38'),(5,1,'2026-05-09 19:27:38'),(6,2,'2026-05-09 19:27:38'),(7,2,'2026-05-09 19:27:38'),(8,2,'2026-05-09 19:27:38'),(9,3,'2026-05-09 19:27:38'),(10,3,'2026-05-09 19:27:38'),(11,4,'2026-05-09 19:27:38'),(12,4,'2026-05-09 19:27:38'),(13,4,'2026-05-09 19:27:38'),(14,5,'2026-05-09 19:27:38'),(15,5,'2026-05-09 19:27:38'),(16,6,'2026-05-09 19:27:38'),(17,7,'2026-05-09 19:27:38'),(18,7,'2026-05-09 19:27:38'),(19,8,'2026-05-09 19:27:38'),(20,9,'2026-05-09 19:27:38'),(21,10,'2026-05-09 19:27:38'),(22,11,'2026-05-09 19:27:38'),(23,1,'2026-05-14 13:44:31'),(24,13,'2026-05-14 13:45:57'),(25,13,'2026-05-14 13:46:02'),(26,13,'2026-05-14 13:46:03'),(27,13,'2026-05-14 13:46:05'),(28,13,'2026-05-14 13:46:08'),(29,13,'2026-05-14 13:46:11'),(30,13,'2026-05-14 13:46:14'),(31,13,'2026-05-14 13:46:18'),(32,21,'2026-05-14 15:15:54'),(33,21,'2026-05-14 15:15:55'),(34,21,'2026-05-14 15:15:56'),(35,21,'2026-05-14 15:15:57'),(36,21,'2026-05-14 15:15:58'),(37,2,'2026-05-14 15:16:07'),(38,2,'2026-05-14 15:16:09'),(39,3,'2026-05-14 15:16:10'),(40,3,'2026-05-14 15:16:12'),(41,3,'2026-05-14 15:16:12'),(42,3,'2026-05-14 15:16:13'),(43,4,'2026-05-14 15:16:14'),(44,8,'2026-05-14 15:16:15'),(45,8,'2026-05-14 15:16:17'),(46,8,'2026-05-14 15:16:17'),(47,8,'2026-05-14 15:16:18'),(48,7,'2026-05-14 15:16:19'),(49,7,'2026-05-14 15:16:19'),(50,7,'2026-05-14 15:16:20'),(51,6,'2026-05-14 15:16:21'),(52,6,'2026-05-14 15:16:22'),(53,6,'2026-05-14 15:16:22'),(54,5,'2026-05-14 15:16:23'),(55,5,'2026-05-14 15:16:24'),(56,3,'2026-05-14 15:16:25'),(57,4,'2026-05-14 15:16:26'),(58,4,'2026-05-14 15:16:27'),(59,4,'2026-05-14 15:16:28'),(60,4,'2026-05-14 15:16:28'),(61,4,'2026-05-14 15:16:29'),(62,4,'2026-05-14 15:16:29'),(63,4,'2026-05-14 15:16:30'),(64,12,'2026-05-14 15:16:32'),(65,12,'2026-05-14 15:16:32'),(66,12,'2026-05-14 15:16:32'),(67,12,'2026-05-14 15:16:33'),(68,11,'2026-05-14 15:16:34'),(69,11,'2026-05-14 15:16:35'),(70,10,'2026-05-14 15:16:37'),(71,9,'2026-05-14 15:16:39'),(72,9,'2026-05-14 15:16:40'),(73,13,'2026-05-14 15:16:41'),(74,13,'2026-05-14 15:16:42'),(75,13,'2026-05-14 15:16:42'),(76,13,'2026-05-14 15:16:43'),(77,13,'2026-05-14 15:16:43'),(78,13,'2026-05-14 15:16:44'),(79,13,'2026-05-14 15:16:45'),(80,13,'2026-05-14 15:16:45'),(81,14,'2026-05-14 15:16:46'),(82,15,'2026-05-14 15:16:47'),(83,17,'2026-05-14 15:16:48'),(84,17,'2026-05-14 15:16:49'),(85,18,'2026-05-14 15:16:50'),(86,18,'2026-05-14 15:16:51'),(87,19,'2026-05-14 15:16:51'),(88,19,'2026-05-14 15:16:52'),(89,19,'2026-05-14 15:16:53'),(90,19,'2026-05-14 15:16:55'),(91,19,'2026-05-14 15:16:55'),(92,20,'2026-05-14 15:16:56'),(93,20,'2026-05-14 15:16:57'),(94,20,'2026-05-14 15:16:57'),(95,20,'2026-05-14 15:16:58'),(96,24,'2026-05-14 15:16:59'),(97,24,'2026-05-14 15:17:00'),(98,23,'2026-05-14 15:17:01'),(99,23,'2026-05-14 15:17:02'),(100,23,'2026-05-14 15:17:03'),(101,23,'2026-05-14 15:17:04'),(102,22,'2026-05-14 15:17:04'),(103,22,'2026-05-14 15:17:05'),(104,22,'2026-05-14 15:17:11'),(105,21,'2026-05-14 15:17:12'),(106,21,'2026-05-14 15:17:13'),(107,25,'2026-05-14 15:17:14'),(108,25,'2026-05-14 15:17:15'),(109,25,'2026-05-14 15:17:15'),(110,26,'2026-05-14 15:17:16'),(111,26,'2026-05-14 15:17:17'),(112,26,'2026-05-14 15:17:18'),(113,27,'2026-05-14 15:17:18'),(114,27,'2026-05-14 15:17:21'),(115,28,'2026-05-14 15:17:22'),(116,26,'2026-05-14 15:17:23'),(117,29,'2026-05-14 15:17:25'),(118,29,'2026-05-14 15:17:25'),(119,30,'2026-05-14 15:17:26'),(120,31,'2026-05-14 15:17:27'),(121,32,'2026-05-14 15:17:29'),(122,32,'2026-05-14 15:17:30'),(123,32,'2026-05-14 15:17:30'),(124,32,'2026-05-14 15:17:31'),(125,32,'2026-05-14 15:17:32'),(126,1,'2026-05-14 15:32:07'),(127,3,'2026-05-14 15:32:35'),(128,1,'2026-05-16 15:47:15'),(129,1,'2026-05-16 16:18:52'),(130,1,'2026-05-16 16:19:06'),(131,1,'2026-05-16 16:19:24'),(132,6,'2026-05-16 16:19:34'),(133,26,'2026-05-16 16:19:51'),(134,1,'2026-05-16 16:20:48'),(135,1,'2026-05-16 16:21:06'),(136,1,'2026-05-16 16:22:12'),(137,1,'2026-05-16 16:30:08'),(138,1,'2026-05-16 16:38:28'),(139,2,'2026-05-16 16:38:44'),(140,12,'2026-05-16 16:38:50'),(141,19,'2026-05-16 16:38:59'),(142,12,'2026-05-16 17:08:25'),(143,1,'2026-05-16 17:29:46'),(144,21,'2026-05-16 17:49:05'),(145,24,'2026-05-16 18:30:25');
/*!40000 ALTER TABLE `artwork_views` ENABLE KEYS */;
UNLOCK TABLES;

--
-- Table structure for table `artworks`
--

DROP TABLE IF EXISTS `artworks`;
/*!40101 SET @saved_cs_client     = @@character_set_client */;
/*!50503 SET character_set_client = utf8mb4 */;
CREATE TABLE `artworks` (
  `id` int NOT NULL AUTO_INCREMENT,
  `title` varchar(200) CHARACTER SET utf8mb4 COLLATE utf8mb4_turkish_ci NOT NULL,
  `artist_id` int DEFAULT NULL,
  `category_id` int DEFAULT NULL,
  `description` text CHARACTER SET utf8mb4 COLLATE utf8mb4_turkish_ci,
  `price` decimal(12,2) NOT NULL,
  `image_url` varchar(300) CHARACTER SET utf8mb4 COLLATE utf8mb4_turkish_ci DEFAULT NULL,
  `year_created` int DEFAULT NULL,
  `medium` varchar(100) CHARACTER SET utf8mb4 COLLATE utf8mb4_turkish_ci DEFAULT NULL,
  `dimensions` varchar(80) CHARACTER SET utf8mb4 COLLATE utf8mb4_turkish_ci DEFAULT NULL,
  `discount_percent` int DEFAULT '0',
  `stock` int DEFAULT '1',
  `created_at` datetime DEFAULT CURRENT_TIMESTAMP,
  PRIMARY KEY (`id`),
  KEY `artist_id` (`artist_id`),
  KEY `category_id` (`category_id`),
  CONSTRAINT `artworks_ibfk_1` FOREIGN KEY (`artist_id`) REFERENCES `artists` (`id`),
  CONSTRAINT `artworks_ibfk_2` FOREIGN KEY (`category_id`) REFERENCES `categories` (`id`)
) ENGINE=InnoDB AUTO_INCREMENT=33 DEFAULT CHARSET=utf8mb4 COLLATE=utf8mb4_turkish_ci;
/*!40101 SET character_set_client = @saved_cs_client */;

--
-- Dumping data for table `artworks`
--

LOCK TABLES `artworks` WRITE;
/*!40000 ALTER TABLE `artworks` DISABLE KEYS */;
INSERT INTO `artworks` VALUES (1,'Mona Lisa',1,1,'Dünyanın en tanınan tablosu. Gizemli gülüşüyle yüzyıllardır büyülüyor.',150000.00,'Mona_Lisa.jpg',1503,'Yağlıboya','77x53 cm',0,4,'2026-05-09 19:27:38'),(2,'Yıldızlı Gece',2,2,'Sarmal bulutlar ve parlak yıldızlarla dolu mistik bir gece manzarası.',120000.00,'Yildizli_Gece.jpg',1889,'Yağlıboya','73x92 cm',10,5,'2026-05-09 19:27:38'),(3,'Çığlık',3,3,'Modern insanın varoluşsal kaygısını simgeleyen ikonik ekspresyonist şaheser.',180000.00,'ciglik.jpg',1893,'Yağlıboya ve pastel','91x73 cm',0,1,'2026-05-09 19:27:38'),(4,'Atina Okulu',4,1,'Antik Yunan filozoflarini bir arada gösteren Ronesansin en büyük fresklerinden biri.',250000.00,'atina_okulu.jpg',1511,'Fresk','500x770 cm',5,1,'2026-05-09 19:27:38'),(5,'Ademin Yaratilisi',5,1,'Sistine Sapeli tavanindaki ikonik sahne; Tanri ile Ademin parmak uclarinin bulusmasi.',300000.00,'adem_yaratilis.jpg',1512,'Fresk','280x570 cm',0,1,'2026-05-09 19:27:38'),(6,'Bellegin Azmi',6,4,'Eriyen saatlerle zamanın göreceliğini sorgulayan sürrealizmin simge tablosu.',220000.00,'bellegin_azmi.jpg',1931,'Yağlıboya','24x33 cm',15,1,'2026-05-09 19:27:38'),(7,'Öpücük',7,5,'Altin yapraklara sarılmış, birbirine kavuşmuş iki figürü yansıtan romantik şaheser.',195000.00,'opucuk.jpg',1908,'Yağlıboya ve altin yaprak','180x180 cm',0,0,'2026-05-09 19:27:38'),(8,'Venüsün Dogusu',8,1,'Denizden cikan güzellik tanrıçasını betimleyen Botticellinin basyapiti.',175000.00,'venusun_dogusu.jpg',1485,'Tempera','172x278 cm',10,1,'2026-05-09 19:27:38'),(9,'Kaplumbağa Terbiyecisi',9,6,'Osmanlı kültüründen bir sahne. Milli Saraylar koleksiyonunun gözbebeği.',95000.00,'Kaplumbaga_terbiyecisi.jpg',1906,'Yağlıboya','221x320 cm',15,1,'2026-05-09 19:27:38'),(10,'Son Aksam Yemegi',1,1,'Isa ve havarileri son yemekte gösteren anitsal Ronesans eseri.',280000.00,'son_aksam_yemegi.jpg',1498,'Tempera ve yağlıboya','460x880 cm',0,1,'2026-05-09 19:27:38'),(11,'Galeri No. 13',NULL,7,'Cagdas Türk sanatından soyut bir kompozisyon; renk ve form dengesiyle dikkat cekiyor.',45000.00,'galeri_13.jpg',2020,'Akrilik','100x100 cm',20,3,'2026-05-09 19:27:38'),(12,'Karanlığın Çağrısı',10,8,'Sanatçının acemilik dönemi eseri',100.00,'karanlıgın_cagrisi.png',2020,'Pixel','100x100',0,997,'2026-05-09 19:46:08'),(13,'Mustafa Kemal Atatürk Portresi',11,6,'Cumhuriyet tarihinin en önemli siyasi ve askeri lideri olan Gazi Mustafa Kemal Atatürk\'ün bu eşsiz portresi, dönemin vizyonunu ve kararlılığını tuvale yansıtıyor.',150000.00,'ataturk_portre.jpg',1930,'Yağlıboya','100x80 cm',0,888,'2026-05-11 00:30:29'),(14,'Zeybekler Kurtuluş Savaşı\'nda',11,6,'Milli Mücadele yıllarının fedakarlıklarını ve Anadolu insanının direnişini resmeden destansı bir çalışma.',180000.00,'zeybekler.jpg',1923,'Yağlıboya','150x200 cm',5,1,'2026-05-11 00:30:29'),(15,'Celile Hanım Portresi',9,6,'Osman Hamdi Bey\'in fırçasından, dönemin zarafetini yansıtan çok özel bir portre çalışması.',85000.00,'celile_hanim.jpg',1885,'Yağlıboya','60x45 cm',0,0,'2026-05-11 00:30:29'),(16,'İnci Küpeli Kız',14,11,'Kuzeyin Mona Lisası olarak bilinen, ışığın ve masumiyetin muazzam bir tasviri.',450000.00,'inci_kupeli.jpg',1665,'Yağlıboya','44x39 cm',0,1,'2026-05-11 00:30:29'),(17,'Süt Döken Kadın',14,11,'Gündelik bir anın Barok ışığı altında nasıl şahesere dönüştüğünün kanıtı.',320000.00,'sut_doken.jpg',1658,'Yağlıboya','45x41 cm',10,1,'2026-05-11 00:30:29'),(18,'Gece Devriyesi',16,11,'Hareket ve ışık kullanımında çığır açan devasa boyutlu bir askeri birlik tablosu.',850000.00,'gece_devriyesi.jpg',1642,'Yağlıboya','363x437 cm',0,0,'2026-05-11 00:30:29'),(19,'İzlenim: Gün Doğumu',12,9,'Tüm bir sanat akımına adını veren, sise gömülmüş bir liman manzarası.',280000.00,'gun_dogumu.jpg',1872,'Yağlıboya','48x63 cm',15,1,'2026-05-11 00:30:29'),(20,'Nilüferler',12,9,'Monet\'nin kendi bahçesindeki su zambaklarını resmettiği huzur dolu kompozisyon.',350000.00,'niluferler.jpg',1919,'Yağlıboya','100x200 cm',0,1,'2026-05-11 00:30:29'),(21,'Guernica',13,10,'Savaşın yıkıcılığını ve hüznünü geometrik formlarla anlatan anıtsal bir çığlık.',950000.00,'guernica.jpg',1937,'Yağlıboya','349x776 cm',0,0,'2026-05-11 00:30:29'),(22,'Avignonlu Kızlar',13,10,'Modern sanatın doğuşunu müjdeleyen, perspektifin parçalandığı devrim niteliğinde bir eser.',650000.00,'avignon.jpg',1907,'Yağlıboya','243x233 cm',10,1,'2026-05-11 00:30:29'),(23,'Ağlayan Kadın',13,10,'Dora Maar\'ın yüzündeki hüznün kübist bir parçalanmayla tuvale aktarımı.',420000.00,'aglayan_kadin.jpg',1937,'Yağlıboya','60x49 cm',0,1,'2026-05-11 00:30:29'),(24,'İki Frida',15,4,'Sanatçının içsel bölünmüşlüğünü ve kimlik çatışmasını anlatan çifte otoportre.',380000.00,'iki_frida.jpg',1939,'Yağlıboya','173x173 cm',0,1,'2026-05-11 00:30:29'),(25,'Dikenli Kolye ile Otoportre',15,4,'Meksika ormanının gizemini ve sanatçının fiziksel acılarını simgeleyen ikonik eser.',290000.00,'frida_dikenli.jpg',1940,'Yağlıboya','61x47 cm',20,1,'2026-05-11 00:30:29'),(26,'Uyku',6,4,'Bilinçaltının derinliklerindeki rüyaların gerçeküstü bir dille yorumlanması.',310000.00,'uyku_dali.jpg',1937,'Yağlıboya','51x78 cm',0,1,'2026-05-11 00:30:29'),(27,'Ayçiçekleri',2,2,'Sarının en canlı tonlarıyla umudu ve yaşam enerjisini simgeleyen natürmort.',480000.00,'aycicekleri.jpg',1888,'Yağlıboya','92x73 cm',5,1,'2026-05-11 00:30:29'),(28,'Gece Kafesi',2,2,'Arles şehrindeki bir kafenin sarı sıcak ışığıyla gecenin lacivertinin eşsiz zıtlığı.',520000.00,'gece_kafesi.jpg',1888,'Yağlıboya','81x65 cm',0,1,'2026-05-11 00:30:29'),(29,'İlkbahar (Primavera)',8,1,'Mitolojik figürlerin bir ormanda baharın gelişini kutladığı zarif Rönesans eseri.',600000.00,'primavera.jpg',1482,'Tempera','202x314 cm',0,1,'2026-05-11 00:30:29'),(30,'Vitruvius Adamı',1,1,'İnsan vücudunun altın oranını gösteren, sanat ve bilimin kusursuz birleşimi.',120000.00,'vitruvius.jpg',1490,'Mürekkep','34x24 cm',15,1,'2026-05-11 00:30:29'),(31,'Hayatın Dansı',3,3,'Aşk, gençlik ve ölüm döngüsünün dışavurumcu bir yaklaşımla işlendiği kompozisyon.',250000.00,'hayatin_dansi.jpg',1899,'Yağlıboya','125x191 cm',0,1,'2026-05-11 00:30:29'),(32,'Adele Bloch-Bauer I',7,5,'Altın yaprakların yoğun olarak kullanıldığı, Viyana Sezesyonunun parlayan yıldızı.',750000.00,'adele.jpg',1907,'Yağlıboya ve Altın','138x138 cm',0,1,'2026-05-11 00:30:29');
/*!40000 ALTER TABLE `artworks` ENABLE KEYS */;
UNLOCK TABLES;

--
-- Table structure for table `categories`
--

DROP TABLE IF EXISTS `categories`;
/*!40101 SET @saved_cs_client     = @@character_set_client */;
/*!50503 SET character_set_client = utf8mb4 */;
CREATE TABLE `categories` (
  `id` int NOT NULL AUTO_INCREMENT,
  `name` varchar(80) CHARACTER SET utf8mb4 COLLATE utf8mb4_turkish_ci NOT NULL,
  PRIMARY KEY (`id`)
) ENGINE=InnoDB AUTO_INCREMENT=12 DEFAULT CHARSET=utf8mb4 COLLATE=utf8mb4_turkish_ci;
/*!40101 SET character_set_client = @saved_cs_client */;

--
-- Dumping data for table `categories`
--

LOCK TABLES `categories` WRITE;
/*!40000 ALTER TABLE `categories` DISABLE KEYS */;
INSERT INTO `categories` VALUES (1,'Rönesans'),(2,'Post-Empresyonizm'),(3,'Ekspresyonizm'),(4,'Sürrealizm'),(5,'Sembolizm'),(6,'Türk Resim Sanatı'),(7,'Modern Sanat'),(8,'Pixelart'),(9,'Empresyonizm'),(10,'Kübizm'),(11,'Barok');
/*!40000 ALTER TABLE `categories` ENABLE KEYS */;
UNLOCK TABLES;

--
-- Table structure for table `comparison_history`
--

DROP TABLE IF EXISTS `comparison_history`;
/*!40101 SET @saved_cs_client     = @@character_set_client */;
/*!50503 SET character_set_client = utf8mb4 */;
CREATE TABLE `comparison_history` (
  `id` int NOT NULL AUTO_INCREMENT,
  `user_id` int NOT NULL,
  `comparison_type` enum('artworks','events') CHARACTER SET utf8mb4 COLLATE utf8mb4_turkish_ci NOT NULL,
  `item_ids` json NOT NULL,
  `created_at` datetime DEFAULT CURRENT_TIMESTAMP,
  PRIMARY KEY (`id`),
  KEY `user_id` (`user_id`),
  CONSTRAINT `comparison_history_ibfk_1` FOREIGN KEY (`user_id`) REFERENCES `users` (`id`) ON DELETE CASCADE
) ENGINE=InnoDB AUTO_INCREMENT=6 DEFAULT CHARSET=utf8mb4 COLLATE=utf8mb4_turkish_ci;
/*!40101 SET character_set_client = @saved_cs_client */;

--
-- Dumping data for table `comparison_history`
--

LOCK TABLES `comparison_history` WRITE;
/*!40000 ALTER TABLE `comparison_history` DISABLE KEYS */;
INSERT INTO `comparison_history` VALUES (1,5,'artworks','[3, 1]','2026-05-10 17:55:51'),(3,7,'events','[7, 11]','2026-05-10 18:19:50'),(4,7,'artworks','[7, 4]','2026-05-10 18:20:35'),(5,7,'events','[8, 5]','2026-05-10 18:20:39');
/*!40000 ALTER TABLE `comparison_history` ENABLE KEYS */;
UNLOCK TABLES;

--
-- Table structure for table `coupons`
--

DROP TABLE IF EXISTS `coupons`;
/*!40101 SET @saved_cs_client     = @@character_set_client */;
/*!50503 SET character_set_client = utf8mb4 */;
CREATE TABLE `coupons` (
  `id` int NOT NULL AUTO_INCREMENT,
  `code` varchar(50) CHARACTER SET utf8mb4 COLLATE utf8mb4_turkish_ci NOT NULL,
  `discount_percent` int NOT NULL,
  `is_active` tinyint DEFAULT '1',
  `is_public` tinyint DEFAULT '1',
  `expires_at` date DEFAULT NULL,
  `description` varchar(200) CHARACTER SET utf8mb4 COLLATE utf8mb4_turkish_ci DEFAULT NULL,
  PRIMARY KEY (`id`),
  UNIQUE KEY `code` (`code`)
) ENGINE=InnoDB AUTO_INCREMENT=4 DEFAULT CHARSET=utf8mb4 COLLATE=utf8mb4_turkish_ci;
/*!40101 SET character_set_client = @saved_cs_client */;

--
-- Dumping data for table `coupons`
--

LOCK TABLES `coupons` WRITE;
/*!40000 ALTER TABLE `coupons` DISABLE KEYS */;
INSERT INTO `coupons` VALUES (1,'SANAT10',10,1,1,'2020-01-01','Tüm eserlerde %10 indirim'),(2,'KTU2025',20,1,1,'2026-09-30','KTÜ öğrencilerine özel %20 indirim'),(3,'YENI15',15,1,1,'2026-06-30','Yeni üyelere özel %15 indirim');
/*!40000 ALTER TABLE `coupons` ENABLE KEYS */;
UNLOCK TABLES;

--
-- Table structure for table `events`
--

DROP TABLE IF EXISTS `events`;
/*!40101 SET @saved_cs_client     = @@character_set_client */;
/*!50503 SET character_set_client = utf8mb4 */;
CREATE TABLE `events` (
  `id` int NOT NULL AUTO_INCREMENT,
  `title` varchar(200) CHARACTER SET utf8mb4 COLLATE utf8mb4_turkish_ci NOT NULL,
  `description` text CHARACTER SET utf8mb4 COLLATE utf8mb4_turkish_ci,
  `event_type` enum('atolye','sergi','konferans','tur') CHARACTER SET utf8mb4 COLLATE utf8mb4_turkish_ci DEFAULT 'atolye',
  `event_date` datetime NOT NULL,
  `duration_minutes` int DEFAULT '120',
  `location` varchar(200) CHARACTER SET utf8mb4 COLLATE utf8mb4_turkish_ci DEFAULT NULL,
  `capacity` int NOT NULL,
  `price` decimal(10,2) DEFAULT '0.00',
  `image_url` varchar(300) CHARACTER SET utf8mb4 COLLATE utf8mb4_turkish_ci DEFAULT NULL,
  `discount_percent` int DEFAULT '0',
  `created_at` datetime DEFAULT CURRENT_TIMESTAMP,
  PRIMARY KEY (`id`)
) ENGINE=InnoDB AUTO_INCREMENT=16 DEFAULT CHARSET=utf8mb4 COLLATE=utf8mb4_turkish_ci;
/*!40101 SET character_set_client = @saved_cs_client */;

--
-- Dumping data for table `events`
--

LOCK TABLES `events` WRITE;
/*!40000 ALTER TABLE `events` DISABLE KEYS */;
INSERT INTO `events` VALUES (1,'Yağlıboya Başlangıç Atölyesi','Sıfırdan yağlıboya öğrenmek isteyenler için 3 saatlik yoğun atölye. Tüm malzemeler dahildir.','atolye','2025-06-15 10:00:00',180,'KTÜ Sanat Merkezi - Salon A',20,450.00,'Yildizli_Gece.jpg',0,'2026-05-09 19:27:38'),(2,'Portre Çizimi Atölyesi','Karakalem ve kömür tekniğiyle profesyonel portre çizimi. Orta seviye için uygundur.','atolye','2025-06-22 14:00:00',150,'KTÜ Sanat Merkezi - Salon B',15,350.00,'Mona_Lisa.jpg',10,'2026-05-09 19:27:38'),(3,'Suluboya ile Manzara','Doğadan ilham alarak suluboya tekniğini öğrenin. Beginner ve orta seviye için.','atolye','2025-07-10 10:00:00',180,'KTÜ Sanat Merkezi - Salon A',18,400.00,'venusun_dogusu.jpg',0,'2026-05-09 19:27:38'),(4,'Heykel ve Seramik Atölyesi','Kil ile şekillendirme, form ve doku çalışmaları. Tüm seviyeler için uygundur.','atolye','2025-07-20 13:00:00',240,'KTÜ Seramik Atölyesi',12,500.00,'galeri_13.jpg',15,'2026-05-09 19:27:38'),(5,'Dijital İllüstrasyon Atölyesi','Tablet ve Procreate ile dijital sanat. Grafik tablet ile profesyonel illüstrasyon teknikleri.','atolye','2025-08-05 10:00:00',180,'KTÜ Bilgisayar Lab - 204',25,600.00,'bellegin_azmi.jpg',0,'2026-05-09 19:27:38'),(6,'Türk Resim Sanatı Sergisi','Osmanlidan Cumhuriyete Türk resim sanatının yolculuğu. 50 özgün eser sergilenmektedir.','sergi','2025-06-20 09:00:00',480,'KTÜ Ana Sergi Salonu',200,0.00,'Kaplumbaga_terbiyecisi.jpg',0,'2026-05-09 19:27:38'),(7,'Rönesans Ustaları Sergisi','Avrupa Rönesans sanatından reprodüksiyonlar ve dijital baskılar. Sanat tarihi seminerleri eşliğinde.','sergi','2025-07-01 09:00:00',480,'KTÜ Kültür Merkezi Galerisi',150,50.00,'atina_okulu.jpg',0,'2026-05-09 19:27:38'),(8,'Çağdaş Türk Sanatçılar','Genç ve yerleşik Türk sanatçıların güncel çalışmalarını buluşturan karma sergi.','sergi','2025-07-15 10:00:00',480,'KTÜ Sanat Galerisi',100,0.00,'galeri_13.jpg',0,'2026-05-09 19:27:38'),(9,'Ekspresyonizm: Duygunun Dili','Van Gogh, Munch ve cagdaslarinin ekspresyonist eserleri üzerine kurulu tematik sergi.','sergi','2025-08-01 09:00:00',480,'KTÜ Ana Sergi Salonu',180,75.00,'ciglik.jpg',20,'2026-05-09 19:27:38'),(10,'Dijital Sanat ve NFT Konferansı','NFT ve dijital sanatın geleceği üzerine uzman paneli. Blockchain sanat piyasaları tartışılacak.','konferans','2025-07-05 14:00:00',240,'KTÜ Konferans Salonu',150,200.00,'bellegin_azmi.jpg',0,'2026-05-09 19:27:38'),(11,'Sanat Tarihi Semineri: Rönesans','Dr. Ahmet Yıldız ile Rönesans dönemi sanatı, ikonografisi ve toplumsal bağlamı üzerine seminer.','konferans','2025-06-28 15:00:00',180,'KTÜ Amfitiyatro - 101',120,100.00,'adem_yaratilis.jpg',0,'2026-05-09 19:27:38'),(12,'Müze Yönetimi ve Küratörlük','Cagdas müze yönetimi, koleksiyon geliştirme ve sergi tasarımı üzerine profesyonel panel.','konferans','2025-07-18 10:00:00',300,'KTÜ Rektörlük Toplantı Salonu',80,150.00,'son_aksam_yemegi.jpg',10,'2026-05-09 19:27:38'),(13,'Trabzon Müzesi Sanat Turu','Trabzon müzelerinde rehberli sanat turu. Tarihi eserler ve yerel sanat geleneği keşfedilecek.','tur','2025-07-12 09:00:00',360,'Trabzon Müzesi',30,350.00,'opucuk.jpg',0,'2026-05-09 19:27:38'),(14,'İstanbul Modern Müze Gezisi','Istanbul Modern Sanat Müzesi ve Pera Müzesi gezisi. Ulasim ve rehberlik dahildir.','tur','2025-07-26 07:00:00',600,'İstanbul - Karaköy',25,750.00,'venusun_dogusu.jpg',0,'2026-05-09 19:27:38'),(15,'Ankara Devlet Resim Heykel Müzesi','Türkiyenin ilk devlet müzesinde kapsamlı bir kültür turu. Öğle yemeği dahildir.','tur','2025-08-10 07:30:00',720,'Ankara - Ulus',20,850.00,'atina_okulu.jpg',15,'2026-05-09 19:27:38');
/*!40000 ALTER TABLE `events` ENABLE KEYS */;
UNLOCK TABLES;

--
-- Table structure for table `favorites`
--

DROP TABLE IF EXISTS `favorites`;
/*!40101 SET @saved_cs_client     = @@character_set_client */;
/*!50503 SET character_set_client = utf8mb4 */;
CREATE TABLE `favorites` (
  `id` int NOT NULL AUTO_INCREMENT,
  `user_id` int NOT NULL,
  `artwork_id` int NOT NULL,
  `created_at` datetime DEFAULT CURRENT_TIMESTAMP,
  PRIMARY KEY (`id`),
  UNIQUE KEY `user_id` (`user_id`,`artwork_id`),
  KEY `artwork_id` (`artwork_id`),
  CONSTRAINT `favorites_ibfk_1` FOREIGN KEY (`user_id`) REFERENCES `users` (`id`),
  CONSTRAINT `favorites_ibfk_2` FOREIGN KEY (`artwork_id`) REFERENCES `artworks` (`id`)
) ENGINE=InnoDB AUTO_INCREMENT=116 DEFAULT CHARSET=utf8mb4 COLLATE=utf8mb4_turkish_ci;
/*!40101 SET character_set_client = @saved_cs_client */;

--
-- Dumping data for table `favorites`
--

LOCK TABLES `favorites` WRITE;
/*!40000 ALTER TABLE `favorites` DISABLE KEYS */;
INSERT INTO `favorites` VALUES (1,5,7,'2026-05-11 16:37:03'),(2,5,2,'2026-05-11 16:37:06'),(3,5,12,'2026-05-11 16:37:09'),(4,2,8,'2026-05-11 16:46:57'),(5,2,10,'2026-05-11 16:46:59'),(6,2,13,'2026-05-11 16:47:00'),(7,9,8,'2026-05-11 10:00:00'),(8,9,1,'2026-05-11 10:00:00'),(9,9,24,'2026-05-11 10:00:00'),(10,9,9,'2026-05-11 10:00:00'),(11,9,32,'2026-05-11 10:00:00'),(12,9,28,'2026-05-11 10:00:00'),(13,9,5,'2026-05-11 10:00:00'),(14,9,30,'2026-05-11 10:00:00'),(15,9,4,'2026-05-11 10:00:00'),(16,9,22,'2026-05-11 10:00:00'),(17,10,6,'2026-05-11 10:00:00'),(18,10,19,'2026-05-11 10:00:00'),(19,10,14,'2026-05-11 10:00:00'),(20,10,2,'2026-05-11 10:00:00'),(21,10,1,'2026-05-11 10:00:00'),(22,10,3,'2026-05-11 10:00:00'),(23,10,7,'2026-05-11 10:00:00'),(24,10,8,'2026-05-11 10:00:00'),(25,10,17,'2026-05-11 10:00:00'),(26,10,20,'2026-05-11 10:00:00'),(27,11,13,'2026-05-11 10:00:00'),(28,11,27,'2026-05-11 10:00:00'),(29,11,15,'2026-05-11 10:00:00'),(30,11,29,'2026-05-11 10:00:00'),(31,11,18,'2026-05-11 10:00:00'),(32,12,11,'2026-05-11 10:00:00'),(33,12,28,'2026-05-11 10:00:00'),(34,12,22,'2026-05-11 10:00:00'),(35,12,18,'2026-05-11 10:00:00'),(36,12,10,'2026-05-11 10:00:00'),(37,13,22,'2026-05-11 10:00:00'),(38,13,4,'2026-05-11 10:00:00'),(39,13,3,'2026-05-11 10:00:00'),(40,13,13,'2026-05-11 10:00:00'),(41,13,31,'2026-05-11 10:00:00'),(42,13,12,'2026-05-11 10:00:00'),(43,14,17,'2026-05-11 10:00:00'),(44,14,26,'2026-05-11 10:00:00'),(45,14,2,'2026-05-11 10:00:00'),(46,14,24,'2026-05-11 10:00:00'),(47,14,15,'2026-05-11 10:00:00'),(48,14,18,'2026-05-11 10:00:00'),(49,14,4,'2026-05-11 10:00:00'),(50,15,6,'2026-05-11 10:00:00'),(51,15,18,'2026-05-11 10:00:00'),(52,15,10,'2026-05-11 10:00:00'),(53,15,27,'2026-05-11 10:00:00'),(54,15,21,'2026-05-11 10:00:00'),(55,15,20,'2026-05-11 10:00:00'),(56,15,12,'2026-05-11 10:00:00'),(57,15,19,'2026-05-11 10:00:00'),(58,16,5,'2026-05-11 10:00:00'),(59,16,2,'2026-05-11 10:00:00'),(60,16,22,'2026-05-11 10:00:00'),(61,16,8,'2026-05-11 10:00:00'),(62,16,25,'2026-05-11 10:00:00'),(63,16,10,'2026-05-11 10:00:00'),(64,17,15,'2026-05-11 10:00:00'),(65,17,7,'2026-05-11 10:00:00'),(66,17,25,'2026-05-11 10:00:00'),(67,17,18,'2026-05-11 10:00:00'),(68,17,30,'2026-05-11 10:00:00'),(69,18,24,'2026-05-11 10:00:00'),(70,18,6,'2026-05-11 10:00:00'),(71,18,12,'2026-05-11 10:00:00'),(72,18,30,'2026-05-11 10:00:00'),(73,18,7,'2026-05-11 10:00:00'),(74,18,22,'2026-05-11 10:00:00'),(75,18,9,'2026-05-11 10:00:00'),(76,18,23,'2026-05-11 10:00:00'),(77,18,27,'2026-05-11 10:00:00'),(78,18,21,'2026-05-11 10:00:00'),(79,19,11,'2026-05-11 10:00:00'),(80,19,16,'2026-05-11 10:00:00'),(81,19,30,'2026-05-11 10:00:00'),(82,19,25,'2026-05-11 10:00:00'),(83,19,18,'2026-05-11 10:00:00'),(84,20,15,'2026-05-11 10:00:00'),(85,20,22,'2026-05-11 10:00:00'),(86,20,11,'2026-05-11 10:00:00'),(87,20,27,'2026-05-11 10:00:00'),(88,20,25,'2026-05-11 10:00:00'),(89,20,28,'2026-05-11 10:00:00'),(90,20,2,'2026-05-11 10:00:00'),(91,20,8,'2026-05-11 10:00:00'),(92,20,26,'2026-05-11 10:00:00'),(93,20,30,'2026-05-11 10:00:00'),(94,21,18,'2026-05-11 10:00:00'),(95,21,3,'2026-05-11 10:00:00'),(96,21,7,'2026-05-11 10:00:00'),(97,21,19,'2026-05-11 10:00:00'),(98,21,23,'2026-05-11 10:00:00'),(99,21,11,'2026-05-11 10:00:00'),(100,21,30,'2026-05-11 10:00:00'),(101,21,21,'2026-05-11 10:00:00'),(102,22,26,'2026-05-11 10:00:00'),(103,22,29,'2026-05-11 10:00:00'),(104,22,30,'2026-05-11 10:00:00'),(105,22,21,'2026-05-11 10:00:00'),(106,22,15,'2026-05-11 10:00:00'),(107,22,5,'2026-05-11 10:00:00'),(108,22,9,'2026-05-11 10:00:00'),(109,22,27,'2026-05-11 10:00:00'),(110,23,17,'2026-05-11 10:00:00'),(111,23,24,'2026-05-11 10:00:00'),(112,23,19,'2026-05-11 10:00:00'),(113,23,14,'2026-05-11 10:00:00'),(114,23,30,'2026-05-11 10:00:00'),(115,23,13,'2026-05-11 10:00:00');
/*!40000 ALTER TABLE `favorites` ENABLE KEYS */;
UNLOCK TABLES;

--
-- Table structure for table `orders`
--

DROP TABLE IF EXISTS `orders`;
/*!40101 SET @saved_cs_client     = @@character_set_client */;
/*!50503 SET character_set_client = utf8mb4 */;
CREATE TABLE `orders` (
  `id` int NOT NULL AUTO_INCREMENT,
  `user_id` int NOT NULL,
  `artwork_id` int DEFAULT NULL,
  `event_id` int DEFAULT NULL,
  `amount` decimal(12,2) NOT NULL,
  `payment_method` enum('kredi_karti','banka_havalesi','kapida_odeme') CHARACTER SET utf8mb4 COLLATE utf8mb4_turkish_ci DEFAULT 'kredi_karti',
  `status` enum('beklemede','onaylandı','kargoda','teslim_edildi','iptal') CHARACTER SET utf8mb4 COLLATE utf8mb4_turkish_ci DEFAULT 'beklemede',
  `created_at` datetime DEFAULT CURRENT_TIMESTAMP,
  PRIMARY KEY (`id`),
  KEY `user_id` (`user_id`),
  KEY `artwork_id` (`artwork_id`),
  KEY `event_id` (`event_id`),
  CONSTRAINT `orders_ibfk_1` FOREIGN KEY (`user_id`) REFERENCES `users` (`id`),
  CONSTRAINT `orders_ibfk_2` FOREIGN KEY (`artwork_id`) REFERENCES `artworks` (`id`),
  CONSTRAINT `orders_ibfk_3` FOREIGN KEY (`event_id`) REFERENCES `events` (`id`)
) ENGINE=InnoDB AUTO_INCREMENT=461 DEFAULT CHARSET=utf8mb4 COLLATE=utf8mb4_turkish_ci;
/*!40101 SET character_set_client = @saved_cs_client */;

--
-- Dumping data for table `orders`
--

LOCK TABLES `orders` WRITE;
/*!40000 ALTER TABLE `orders` DISABLE KEYS */;
INSERT INTO `orders` VALUES (1,2,1,NULL,150000.00,'kredi_karti','teslim_edildi','2026-05-09 19:27:38'),(2,2,NULL,1,450.00,'kredi_karti','onaylandı','2026-05-09 19:27:38'),(3,3,2,NULL,108000.00,'banka_havalesi','teslim_edildi','2026-05-09 19:27:38'),(4,3,NULL,6,0.00,'kredi_karti','onaylandı','2026-05-09 19:27:38'),(5,1,1,NULL,150000.00,'kredi_karti','teslim_edildi','2026-05-10 21:40:50'),(6,1,2,NULL,120000.00,'kredi_karti','teslim_edildi','2026-05-10 21:40:50'),(7,1,3,NULL,180000.00,'kredi_karti','teslim_edildi','2026-05-10 21:40:50'),(8,5,12,NULL,85.00,'kapida_odeme','onaylandı','2026-05-11 16:28:03'),(9,5,15,NULL,68000.00,'banka_havalesi','onaylandı','2026-05-11 16:29:31'),(10,5,21,NULL,950000.00,'banka_havalesi','onaylandı','2026-05-11 16:31:42'),(11,5,7,NULL,195000.00,'banka_havalesi','onaylandı','2026-05-11 16:31:42'),(12,5,13,NULL,150000.00,'banka_havalesi','onaylandı','2026-05-11 16:32:21'),(13,9,27,NULL,456000.00,'kredi_karti','teslim_edildi','2026-05-11 10:05:00'),(14,10,30,NULL,102000.00,'banka_havalesi','teslim_edildi','2026-05-11 10:06:00'),(15,11,19,NULL,238000.00,'kredi_karti','teslim_edildi','2026-05-11 10:07:00'),(16,12,31,NULL,250000.00,'banka_havalesi','teslim_edildi','2026-05-11 10:08:00'),(17,13,20,NULL,350000.00,'banka_havalesi','teslim_edildi','2026-05-11 10:09:00'),(18,14,32,NULL,750000.00,'banka_havalesi','teslim_edildi','2026-05-11 10:10:00'),(19,15,16,NULL,450000.00,'kredi_karti','teslim_edildi','2026-05-11 10:11:00'),(20,16,26,NULL,310000.00,'banka_havalesi','teslim_edildi','2026-05-11 10:12:00'),(21,17,8,NULL,157500.00,'kredi_karti','teslim_edildi','2026-05-11 10:13:00'),(22,18,6,NULL,187000.00,'kredi_karti','teslim_edildi','2026-05-11 10:14:00'),(23,19,4,NULL,237500.00,'banka_havalesi','teslim_edildi','2026-05-11 10:15:00'),(24,20,5,NULL,300000.00,'banka_havalesi','teslim_edildi','2026-05-11 10:16:00'),(25,21,10,NULL,280000.00,'banka_havalesi','teslim_edildi','2026-05-11 10:17:00'),(26,22,2,NULL,108000.00,'kredi_karti','teslim_edildi','2026-05-11 10:18:00'),(27,23,9,NULL,80750.00,'kredi_karti','teslim_edildi','2026-05-11 10:19:00'),(28,9,11,NULL,36000.00,'banka_havalesi','teslim_edildi','2026-05-11 10:20:00'),(29,10,25,NULL,232000.00,'kredi_karti','kargoda','2026-05-11 10:21:00'),(30,11,22,NULL,585000.00,'banka_havalesi','teslim_edildi','2026-05-11 10:22:00'),(31,12,24,NULL,380000.00,'kredi_karti','beklemede','2026-05-11 10:23:00'),(32,13,29,NULL,600000.00,'banka_havalesi','kargoda','2026-05-11 10:24:00'),(33,14,17,NULL,288000.00,'kredi_karti','teslim_edildi','2026-05-11 10:25:00'),(34,15,28,NULL,520000.00,'banka_havalesi','kargoda','2026-05-11 10:26:00'),(35,16,18,NULL,850000.00,'banka_havalesi','kargoda','2026-05-11 10:27:00'),(36,17,14,NULL,171000.00,'banka_havalesi','kargoda','2026-05-11 10:28:00'),(37,18,15,NULL,85000.00,'banka_havalesi','onaylandı','2026-05-11 10:29:00'),(38,19,12,NULL,100.00,'kapida_odeme','kargoda','2026-05-11 10:30:00'),(39,20,27,NULL,456000.00,'banka_havalesi','onaylandı','2026-05-11 10:31:00'),(40,21,13,NULL,150000.00,'banka_havalesi','kargoda','2026-05-11 10:32:00'),(41,22,23,NULL,420000.00,'kredi_karti','iptal','2026-05-11 10:33:00'),(42,23,30,NULL,102000.00,'banka_havalesi','kargoda','2026-05-11 10:34:00'),(43,9,3,NULL,180000.00,'kredi_karti','beklemede','2026-05-11 10:35:00'),(44,9,NULL,1,450.00,'kredi_karti','teslim_edildi','2026-05-11 10:36:00'),(45,10,NULL,1,450.00,'kredi_karti','teslim_edildi','2026-05-11 10:37:00'),(46,11,NULL,1,450.00,'banka_havalesi','teslim_edildi','2026-05-11 10:38:00'),(47,12,NULL,2,315.00,'kredi_karti','teslim_edildi','2026-05-11 10:39:00'),(48,13,NULL,2,315.00,'kredi_karti','teslim_edildi','2026-05-11 10:40:00'),(49,14,NULL,2,315.00,'banka_havalesi','teslim_edildi','2026-05-11 10:41:00'),(50,15,NULL,3,400.00,'kredi_karti','teslim_edildi','2026-05-11 10:42:00'),(51,16,NULL,3,400.00,'kredi_karti','teslim_edildi','2026-05-11 10:43:00'),(52,17,NULL,3,400.00,'banka_havalesi','teslim_edildi','2026-05-11 10:44:00'),(53,18,NULL,4,425.00,'kapida_odeme','teslim_edildi','2026-05-11 10:45:00'),(54,19,NULL,4,425.00,'kredi_karti','teslim_edildi','2026-05-11 10:46:00'),(55,20,NULL,4,425.00,'banka_havalesi','teslim_edildi','2026-05-11 10:47:00'),(56,21,NULL,5,600.00,'kredi_karti','teslim_edildi','2026-05-11 10:48:00'),(57,22,NULL,5,600.00,'kredi_karti','teslim_edildi','2026-05-11 10:49:00'),(58,23,NULL,5,600.00,'banka_havalesi','teslim_edildi','2026-05-11 10:50:00'),(59,9,NULL,6,0.00,'kredi_karti','teslim_edildi','2026-05-11 10:51:00'),(60,11,NULL,6,0.00,'kredi_karti','teslim_edildi','2026-05-11 10:52:00'),(61,13,NULL,6,0.00,'kredi_karti','teslim_edildi','2026-05-11 10:53:00'),(62,15,NULL,6,0.00,'kredi_karti','teslim_edildi','2026-05-11 10:54:00'),(63,17,NULL,6,0.00,'kredi_karti','teslim_edildi','2026-05-11 10:55:00'),(64,10,NULL,7,50.00,'kredi_karti','teslim_edildi','2026-05-11 10:56:00'),(65,12,NULL,7,50.00,'kredi_karti','teslim_edildi','2026-05-11 10:57:00'),(66,14,NULL,7,50.00,'banka_havalesi','teslim_edildi','2026-05-11 10:58:00'),(67,16,NULL,7,50.00,'kredi_karti','teslim_edildi','2026-05-11 10:59:00'),(68,18,NULL,8,0.00,'kredi_karti','teslim_edildi','2026-05-11 11:00:00'),(69,20,NULL,8,0.00,'kredi_karti','teslim_edildi','2026-05-11 11:01:00'),(70,22,NULL,8,0.00,'kredi_karti','teslim_edildi','2026-05-11 11:02:00'),(71,19,NULL,9,60.00,'kredi_karti','teslim_edildi','2026-05-11 11:03:00'),(72,21,NULL,9,60.00,'kredi_karti','teslim_edildi','2026-05-11 11:04:00'),(73,23,NULL,9,60.00,'banka_havalesi','teslim_edildi','2026-05-11 11:05:00'),(74,9,NULL,10,200.00,'kredi_karti','teslim_edildi','2026-05-11 11:06:00'),(75,12,NULL,10,200.00,'banka_havalesi','teslim_edildi','2026-05-11 11:07:00'),(76,15,NULL,10,200.00,'kredi_karti','teslim_edildi','2026-05-11 11:08:00'),(77,18,NULL,10,200.00,'kredi_karti','teslim_edildi','2026-05-11 11:09:00'),(78,10,NULL,11,100.00,'kredi_karti','teslim_edildi','2026-05-11 11:10:00'),(79,13,NULL,11,100.00,'kredi_karti','teslim_edildi','2026-05-11 11:11:00'),(80,16,NULL,11,100.00,'banka_havalesi','teslim_edildi','2026-05-11 11:12:00'),(81,19,NULL,11,100.00,'kredi_karti','teslim_edildi','2026-05-11 11:13:00'),(82,11,NULL,12,135.00,'kredi_karti','teslim_edildi','2026-05-11 11:14:00'),(83,14,NULL,12,135.00,'banka_havalesi','teslim_edildi','2026-05-11 11:15:00'),(84,17,NULL,12,135.00,'kredi_karti','teslim_edildi','2026-05-11 11:16:00'),(85,20,NULL,12,135.00,'kredi_karti','teslim_edildi','2026-05-11 11:17:00'),(86,21,NULL,13,350.00,'kredi_karti','teslim_edildi','2026-05-11 11:18:00'),(87,22,NULL,13,350.00,'kredi_karti','teslim_edildi','2026-05-11 11:19:00'),(88,23,NULL,13,350.00,'banka_havalesi','teslim_edildi','2026-05-11 11:20:00'),(89,9,NULL,14,750.00,'kredi_karti','teslim_edildi','2026-05-11 11:21:00'),(90,13,NULL,14,750.00,'banka_havalesi','teslim_edildi','2026-05-11 11:22:00'),(91,17,NULL,14,750.00,'kredi_karti','teslim_edildi','2026-05-11 11:23:00'),(92,10,NULL,15,722.50,'banka_havalesi','teslim_edildi','2026-05-11 11:24:00'),(93,14,NULL,15,722.50,'kredi_karti','teslim_edildi','2026-05-11 11:25:00'),(94,18,NULL,15,722.50,'banka_havalesi','teslim_edildi','2026-05-11 11:26:00'),(95,20,NULL,15,722.50,'kredi_karti','teslim_edildi','2026-05-11 11:27:00'),(96,22,18,NULL,850000.00,'kredi_karti','onaylandı','2026-05-14 13:28:47'),(97,22,12,NULL,100.00,'kredi_karti','onaylandı','2026-05-14 13:29:22'),(98,22,12,NULL,100.00,'kredi_karti','onaylandı','2026-05-14 13:29:33'),(99,1,NULL,14,3750.00,'kredi_karti','onaylandı','2026-05-14 13:54:56'),(100,1,NULL,3,2400.00,'kredi_karti','onaylandı','2026-05-14 15:18:10'),(101,24,1,NULL,150000.00,'kredi_karti','teslim_edildi','2026-05-12 11:00:00'),(102,24,27,NULL,456000.00,'banka_havalesi','teslim_edildi','2026-05-12 11:05:00'),(103,25,2,NULL,108000.00,'kredi_karti','teslim_edildi','2026-05-12 11:10:00'),(104,25,3,NULL,180000.00,'kredi_karti','teslim_edildi','2026-05-12 11:15:00'),(105,26,6,NULL,187000.00,'kredi_karti','teslim_edildi','2026-05-12 11:20:00'),(106,26,8,NULL,157500.00,'banka_havalesi','teslim_edildi','2026-05-12 11:25:00'),(107,27,5,NULL,300000.00,'banka_havalesi','teslim_edildi','2026-05-12 11:30:00'),(108,27,10,NULL,280000.00,'kredi_karti','teslim_edildi','2026-05-12 11:35:00'),(109,28,19,NULL,238000.00,'kredi_karti','teslim_edildi','2026-05-12 11:40:00'),(110,28,20,NULL,350000.00,'banka_havalesi','teslim_edildi','2026-05-12 11:45:00'),(111,29,23,NULL,420000.00,'kredi_karti','teslim_edildi','2026-05-12 11:50:00'),(112,29,24,NULL,380000.00,'banka_havalesi','teslim_edildi','2026-05-12 11:55:00'),(113,30,25,NULL,232000.00,'kredi_karti','teslim_edildi','2026-05-12 12:00:00'),(114,30,26,NULL,310000.00,'kredi_karti','teslim_edildi','2026-05-12 12:05:00'),(115,31,4,NULL,237500.00,'banka_havalesi','teslim_edildi','2026-05-12 12:10:00'),(116,31,13,NULL,150000.00,'banka_havalesi','teslim_edildi','2026-05-12 12:15:00'),(117,32,9,NULL,80750.00,'kredi_karti','teslim_edildi','2026-05-12 12:20:00'),(118,32,11,NULL,36000.00,'kredi_karti','teslim_edildi','2026-05-12 12:25:00'),(119,33,14,NULL,171000.00,'banka_havalesi','teslim_edildi','2026-05-12 12:30:00'),(120,33,30,NULL,102000.00,'kredi_karti','teslim_edildi','2026-05-12 12:35:00'),(121,34,22,NULL,585000.00,'kredi_karti','teslim_edildi','2026-05-12 12:40:00'),(122,34,29,NULL,600000.00,'banka_havalesi','teslim_edildi','2026-05-12 12:45:00'),(123,35,17,NULL,288000.00,'kredi_karti','teslim_edildi','2026-05-12 12:50:00'),(124,35,28,NULL,520000.00,'banka_havalesi','teslim_edildi','2026-05-12 12:55:00'),(125,36,16,NULL,450000.00,'kredi_karti','teslim_edildi','2026-05-12 13:00:00'),(126,36,32,NULL,750000.00,'banka_havalesi','teslim_edildi','2026-05-12 13:05:00'),(127,37,31,NULL,250000.00,'kredi_karti','teslim_edildi','2026-05-12 13:10:00'),(128,37,21,NULL,950000.00,'banka_havalesi','teslim_edildi','2026-05-12 13:15:00'),(129,38,7,NULL,195000.00,'kredi_karti','teslim_edildi','2026-05-12 13:20:00'),(130,38,18,NULL,850000.00,'banka_havalesi','teslim_edildi','2026-05-12 13:25:00'),(131,39,12,NULL,100.00,'kapida_odeme','teslim_edildi','2026-05-12 13:30:00'),(132,39,15,NULL,85000.00,'banka_havalesi','teslim_edildi','2026-05-12 13:35:00'),(133,40,2,NULL,108000.00,'kredi_karti','teslim_edildi','2026-05-12 13:40:00'),(134,40,27,NULL,456000.00,'banka_havalesi','teslim_edildi','2026-05-12 13:45:00'),(135,24,5,NULL,300000.00,'kredi_karti','teslim_edildi','2026-05-13 09:00:00'),(136,25,19,NULL,238000.00,'banka_havalesi','teslim_edildi','2026-05-13 09:05:00'),(137,26,20,NULL,350000.00,'kredi_karti','teslim_edildi','2026-05-13 09:10:00'),(138,27,23,NULL,420000.00,'banka_havalesi','teslim_edildi','2026-05-13 09:15:00'),(139,28,32,NULL,750000.00,'kredi_karti','teslim_edildi','2026-05-13 09:20:00'),(140,29,4,NULL,237500.00,'kredi_karti','teslim_edildi','2026-05-13 09:25:00'),(141,30,30,NULL,102000.00,'banka_havalesi','teslim_edildi','2026-05-13 09:30:00'),(142,31,22,NULL,585000.00,'kredi_karti','teslim_edildi','2026-05-13 09:35:00'),(143,32,26,NULL,310000.00,'banka_havalesi','teslim_edildi','2026-05-13 09:40:00'),(144,33,8,NULL,157500.00,'kredi_karti','teslim_edildi','2026-05-13 09:45:00'),(145,34,13,NULL,150000.00,'banka_havalesi','teslim_edildi','2026-05-13 09:50:00'),(146,35,6,NULL,187000.00,'kredi_karti','teslim_edildi','2026-05-13 09:55:00'),(147,36,14,NULL,171000.00,'banka_havalesi','teslim_edildi','2026-05-13 10:00:00'),(148,37,29,NULL,600000.00,'kredi_karti','teslim_edildi','2026-05-13 10:05:00'),(149,38,11,NULL,36000.00,'kredi_karti','teslim_edildi','2026-05-13 10:10:00'),(150,39,25,NULL,232000.00,'banka_havalesi','teslim_edildi','2026-05-13 10:15:00'),(151,24,3,NULL,180000.00,'kredi_karti','onaylandı','2026-05-13 10:20:00'),(152,25,16,NULL,450000.00,'banka_havalesi','onaylandı','2026-05-13 10:25:00'),(153,26,31,NULL,250000.00,'kredi_karti','onaylandı','2026-05-13 10:30:00'),(154,27,28,NULL,520000.00,'banka_havalesi','onaylandı','2026-05-13 10:35:00'),(155,28,17,NULL,288000.00,'kredi_karti','beklemede','2026-05-13 10:40:00'),(156,29,21,NULL,950000.00,'banka_havalesi','beklemede','2026-05-13 10:45:00'),(157,30,9,NULL,80750.00,'kredi_karti','kargoda','2026-05-13 10:50:00'),(158,31,24,NULL,380000.00,'banka_havalesi','kargoda','2026-05-13 10:55:00'),(159,32,10,NULL,280000.00,'kredi_karti','onaylandı','2026-05-13 11:00:00'),(160,33,1,NULL,150000.00,'banka_havalesi','kargoda','2026-05-13 11:05:00'),(161,34,7,NULL,195000.00,'kredi_karti','beklemede','2026-05-13 11:10:00'),(162,35,18,NULL,850000.00,'banka_havalesi','kargoda','2026-05-13 11:15:00'),(163,36,15,NULL,85000.00,'kredi_karti','onaylandı','2026-05-13 11:20:00'),(164,37,12,NULL,100.00,'kapida_odeme','kargoda','2026-05-13 11:25:00'),(165,38,20,NULL,350000.00,'kredi_karti','beklemede','2026-05-13 11:30:00'),(166,39,26,NULL,310000.00,'banka_havalesi','onaylandı','2026-05-13 11:35:00'),(167,40,4,NULL,237500.00,'kredi_karti','kargoda','2026-05-13 11:40:00'),(168,25,1,NULL,150000.00,'kredi_karti','teslim_edildi','2026-05-12 10:00:00'),(169,26,1,NULL,150000.00,'kredi_karti','teslim_edildi','2026-05-12 10:00:00'),(170,35,1,NULL,150000.00,'kredi_karti','teslim_edildi','2026-05-12 10:00:00'),(171,38,1,NULL,150000.00,'kredi_karti','teslim_edildi','2026-05-12 10:00:00'),(172,40,1,NULL,150000.00,'kredi_karti','teslim_edildi','2026-05-12 10:00:00'),(173,24,2,NULL,108000.00,'kredi_karti','teslim_edildi','2026-05-12 10:00:00'),(174,28,2,NULL,108000.00,'kredi_karti','teslim_edildi','2026-05-12 10:00:00'),(175,39,2,NULL,108000.00,'kredi_karti','teslim_edildi','2026-05-12 10:00:00'),(176,27,3,NULL,180000.00,'kredi_karti','teslim_edildi','2026-05-12 10:00:00'),(177,37,3,NULL,180000.00,'kredi_karti','teslim_edildi','2026-05-12 10:00:00'),(178,24,4,NULL,237500.00,'kredi_karti','teslim_edildi','2026-05-12 10:00:00'),(179,32,5,NULL,300000.00,'kredi_karti','teslim_edildi','2026-05-12 10:00:00'),(180,28,6,NULL,187000.00,'kredi_karti','teslim_edildi','2026-05-12 10:00:00'),(181,33,6,NULL,187000.00,'kredi_karti','teslim_edildi','2026-05-12 10:00:00'),(182,25,7,NULL,195000.00,'kredi_karti','teslim_edildi','2026-05-12 10:00:00'),(183,30,7,NULL,195000.00,'kredi_karti','teslim_edildi','2026-05-12 10:00:00'),(184,36,7,NULL,195000.00,'kredi_karti','teslim_edildi','2026-05-12 10:00:00'),(185,27,8,NULL,157500.00,'kredi_karti','teslim_edildi','2026-05-12 10:00:00'),(186,36,8,NULL,157500.00,'kredi_karti','teslim_edildi','2026-05-12 10:00:00'),(187,29,9,NULL,80750.00,'kredi_karti','teslim_edildi','2026-05-12 10:00:00'),(188,26,10,NULL,280000.00,'kredi_karti','teslim_edildi','2026-05-12 10:00:00'),(189,29,10,NULL,280000.00,'kredi_karti','teslim_edildi','2026-05-12 10:00:00'),(190,40,10,NULL,280000.00,'kredi_karti','teslim_edildi','2026-05-12 10:00:00'),(191,25,11,NULL,0.00,'kredi_karti','teslim_edildi','2026-05-12 10:00:00'),(192,28,11,NULL,0.00,'kredi_karti','teslim_edildi','2026-05-12 10:00:00'),(193,31,11,NULL,0.00,'kredi_karti','teslim_edildi','2026-05-12 10:00:00'),(194,26,12,NULL,100.00,'kredi_karti','teslim_edildi','2026-05-12 10:00:00'),(195,30,12,NULL,100.00,'kredi_karti','teslim_edildi','2026-05-12 10:00:00'),(196,33,12,NULL,100.00,'kredi_karti','teslim_edildi','2026-05-12 10:00:00'),(197,27,13,NULL,0.00,'kredi_karti','teslim_edildi','2026-05-12 10:00:00'),(198,30,13,NULL,0.00,'kredi_karti','teslim_edildi','2026-05-12 10:00:00'),(199,36,13,NULL,0.00,'kredi_karti','teslim_edildi','2026-05-12 10:00:00'),(200,28,14,NULL,0.00,'kredi_karti','teslim_edildi','2026-05-12 10:00:00'),(201,31,14,NULL,0.00,'kredi_karti','teslim_edildi','2026-05-12 10:00:00'),(202,28,15,NULL,0.00,'kredi_karti','teslim_edildi','2026-05-12 10:00:00'),(203,31,15,NULL,0.00,'kredi_karti','teslim_edildi','2026-05-12 10:00:00'),(204,32,16,NULL,450000.00,'kredi_karti','teslim_edildi','2026-05-12 10:00:00'),(205,26,17,NULL,288000.00,'kredi_karti','teslim_edildi','2026-05-12 10:00:00'),(206,24,18,NULL,850000.00,'kredi_karti','teslim_edildi','2026-05-12 10:00:00'),(207,30,18,NULL,850000.00,'kredi_karti','teslim_edildi','2026-05-12 10:00:00'),(208,27,19,NULL,238000.00,'kredi_karti','teslim_edildi','2026-05-12 10:00:00'),(209,39,19,NULL,238000.00,'kredi_karti','teslim_edildi','2026-05-12 10:00:00'),(210,27,20,NULL,0.00,'kredi_karti','teslim_edildi','2026-05-12 10:00:00'),(211,33,20,NULL,0.00,'kredi_karti','teslim_edildi','2026-05-12 10:00:00'),(212,39,20,NULL,0.00,'kredi_karti','teslim_edildi','2026-05-12 10:00:00'),(213,25,21,NULL,950000.00,'kredi_karti','teslim_edildi','2026-05-12 10:00:00'),(214,34,21,NULL,950000.00,'kredi_karti','teslim_edildi','2026-05-12 10:00:00'),(215,25,22,NULL,585000.00,'kredi_karti','teslim_edildi','2026-05-12 10:00:00'),(216,28,22,NULL,585000.00,'kredi_karti','teslim_edildi','2026-05-12 10:00:00'),(217,38,22,NULL,585000.00,'kredi_karti','teslim_edildi','2026-05-12 10:00:00'),(218,32,23,NULL,0.00,'kredi_karti','teslim_edildi','2026-05-12 10:00:00'),(219,25,24,NULL,380000.00,'kredi_karti','teslim_edildi','2026-05-12 10:00:00'),(220,40,24,NULL,380000.00,'kredi_karti','teslim_edildi','2026-05-12 10:00:00'),(221,26,25,NULL,232000.00,'kredi_karti','teslim_edildi','2026-05-12 10:00:00'),(222,32,25,NULL,232000.00,'kredi_karti','teslim_edildi','2026-05-12 10:00:00'),(223,38,25,NULL,232000.00,'kredi_karti','teslim_edildi','2026-05-12 10:00:00'),(224,33,26,NULL,310000.00,'kredi_karti','teslim_edildi','2026-05-12 10:00:00'),(225,25,27,NULL,456000.00,'kredi_karti','teslim_edildi','2026-05-12 10:00:00'),(226,31,27,NULL,456000.00,'kredi_karti','teslim_edildi','2026-05-12 10:00:00'),(227,25,28,NULL,520000.00,'kredi_karti','teslim_edildi','2026-05-12 10:00:00'),(228,31,28,NULL,520000.00,'kredi_karti','teslim_edildi','2026-05-12 10:00:00'),(229,26,29,NULL,600000.00,'kredi_karti','teslim_edildi','2026-05-12 10:00:00'),(230,25,30,NULL,102000.00,'kredi_karti','teslim_edildi','2026-05-12 10:00:00'),(231,24,31,NULL,250000.00,'kredi_karti','teslim_edildi','2026-05-12 10:00:00'),(232,33,31,NULL,250000.00,'kredi_karti','teslim_edildi','2026-05-12 10:00:00'),(233,25,32,NULL,750000.00,'kredi_karti','teslim_edildi','2026-05-12 10:00:00'),(234,34,32,NULL,750000.00,'kredi_karti','teslim_edildi','2026-05-12 10:00:00'),(235,37,32,NULL,750000.00,'kredi_karti','teslim_edildi','2026-05-12 10:00:00'),(236,24,NULL,1,450.00,'kredi_karti','teslim_edildi','2026-05-12 15:00:00'),(237,25,NULL,1,450.00,'kredi_karti','teslim_edildi','2026-05-12 15:05:00'),(238,29,NULL,1,450.00,'kredi_karti','teslim_edildi','2026-05-12 15:10:00'),(239,33,NULL,1,450.00,'kredi_karti','teslim_edildi','2026-05-12 15:15:00'),(240,37,NULL,1,450.00,'kredi_karti','teslim_edildi','2026-05-12 15:20:00'),(241,40,NULL,1,450.00,'kredi_karti','teslim_edildi','2026-05-12 15:25:00'),(242,26,NULL,2,315.00,'kredi_karti','teslim_edildi','2026-05-12 16:00:00'),(243,28,NULL,2,315.00,'kredi_karti','teslim_edildi','2026-05-12 16:05:00'),(244,30,NULL,2,315.00,'kredi_karti','teslim_edildi','2026-05-12 16:10:00'),(245,34,NULL,2,315.00,'kredi_karti','teslim_edildi','2026-05-12 16:15:00'),(246,38,NULL,2,315.00,'kredi_karti','teslim_edildi','2026-05-12 16:20:00'),(247,24,NULL,3,400.00,'kredi_karti','teslim_edildi','2026-05-12 17:00:00'),(248,27,NULL,3,400.00,'kredi_karti','teslim_edildi','2026-05-12 17:05:00'),(249,31,NULL,3,400.00,'kredi_karti','teslim_edildi','2026-05-12 17:10:00'),(250,35,NULL,3,400.00,'kredi_karti','teslim_edildi','2026-05-12 17:15:00'),(251,39,NULL,3,400.00,'kredi_karti','teslim_edildi','2026-05-12 17:20:00'),(252,25,NULL,4,425.00,'kredi_karti','teslim_edildi','2026-05-12 18:00:00'),(253,28,NULL,4,425.00,'kredi_karti','teslim_edildi','2026-05-12 18:05:00'),(254,32,NULL,4,425.00,'kredi_karti','teslim_edildi','2026-05-12 18:10:00'),(255,36,NULL,4,425.00,'kredi_karti','teslim_edildi','2026-05-12 18:15:00'),(256,40,NULL,4,425.00,'kredi_karti','teslim_edildi','2026-05-12 18:20:00'),(257,24,NULL,5,600.00,'kredi_karti','teslim_edildi','2026-05-13 09:00:00'),(258,26,NULL,5,600.00,'kredi_karti','teslim_edildi','2026-05-13 09:05:00'),(259,29,NULL,5,600.00,'kredi_karti','teslim_edildi','2026-05-13 09:10:00'),(260,33,NULL,5,600.00,'kredi_karti','teslim_edildi','2026-05-13 09:15:00'),(261,37,NULL,5,600.00,'kredi_karti','teslim_edildi','2026-05-13 09:20:00'),(262,25,NULL,6,0.00,'kredi_karti','teslim_edildi','2026-05-13 10:00:00'),(263,27,NULL,6,0.00,'kredi_karti','teslim_edildi','2026-05-13 10:05:00'),(264,30,NULL,6,0.00,'kredi_karti','teslim_edildi','2026-05-13 10:10:00'),(265,34,NULL,6,0.00,'kredi_karti','teslim_edildi','2026-05-13 10:15:00'),(266,38,NULL,6,0.00,'kredi_karti','teslim_edildi','2026-05-13 10:20:00'),(267,26,NULL,7,50.00,'kredi_karti','teslim_edildi','2026-05-13 11:00:00'),(268,29,NULL,7,50.00,'kredi_karti','teslim_edildi','2026-05-13 11:05:00'),(269,32,NULL,7,50.00,'kredi_karti','teslim_edildi','2026-05-13 11:10:00'),(270,35,NULL,7,50.00,'kredi_karti','teslim_edildi','2026-05-13 11:15:00'),(271,39,NULL,7,50.00,'kredi_karti','teslim_edildi','2026-05-13 11:20:00'),(272,24,NULL,8,0.00,'kredi_karti','teslim_edildi','2026-05-13 12:00:00'),(273,27,NULL,8,0.00,'kredi_karti','teslim_edildi','2026-05-13 12:05:00'),(274,31,NULL,8,0.00,'kredi_karti','teslim_edildi','2026-05-13 12:10:00'),(275,36,NULL,8,0.00,'kredi_karti','teslim_edildi','2026-05-13 12:15:00'),(276,40,NULL,8,0.00,'kredi_karti','teslim_edildi','2026-05-13 12:20:00'),(277,25,NULL,9,60.00,'kredi_karti','teslim_edildi','2026-05-13 13:00:00'),(278,28,NULL,9,60.00,'kredi_karti','teslim_edildi','2026-05-13 13:05:00'),(279,32,NULL,9,60.00,'kredi_karti','teslim_edildi','2026-05-13 13:10:00'),(280,35,NULL,9,60.00,'kredi_karti','teslim_edildi','2026-05-13 13:15:00'),(281,39,NULL,9,60.00,'kredi_karti','teslim_edildi','2026-05-13 13:20:00'),(282,24,NULL,10,200.00,'kredi_karti','teslim_edildi','2026-05-13 14:00:00'),(283,26,NULL,10,200.00,'kredi_karti','teslim_edildi','2026-05-13 14:05:00'),(284,30,NULL,10,200.00,'kredi_karti','teslim_edildi','2026-05-13 14:10:00'),(285,34,NULL,10,200.00,'kredi_karti','teslim_edildi','2026-05-13 14:15:00'),(286,38,NULL,10,200.00,'kredi_karti','teslim_edildi','2026-05-13 14:20:00'),(287,25,NULL,11,100.00,'kredi_karti','teslim_edildi','2026-05-13 15:00:00'),(288,27,NULL,11,100.00,'kredi_karti','teslim_edildi','2026-05-13 15:05:00'),(289,31,NULL,11,100.00,'kredi_karti','teslim_edildi','2026-05-13 15:10:00'),(290,35,NULL,11,100.00,'kredi_karti','teslim_edildi','2026-05-13 15:15:00'),(291,39,NULL,11,100.00,'kredi_karti','teslim_edildi','2026-05-13 15:20:00'),(292,26,NULL,12,135.00,'kredi_karti','teslim_edildi','2026-05-13 16:00:00'),(293,29,NULL,12,135.00,'kredi_karti','teslim_edildi','2026-05-13 16:05:00'),(294,33,NULL,12,135.00,'kredi_karti','teslim_edildi','2026-05-13 16:10:00'),(295,37,NULL,12,135.00,'kredi_karti','teslim_edildi','2026-05-13 16:15:00'),(296,40,NULL,12,135.00,'kredi_karti','teslim_edildi','2026-05-13 16:20:00'),(297,24,NULL,13,350.00,'kredi_karti','teslim_edildi','2026-05-13 17:00:00'),(298,27,NULL,13,350.00,'kredi_karti','teslim_edildi','2026-05-13 17:05:00'),(299,30,NULL,13,350.00,'kredi_karti','teslim_edildi','2026-05-13 17:10:00'),(300,34,NULL,13,350.00,'kredi_karti','teslim_edildi','2026-05-13 17:15:00'),(301,38,NULL,13,350.00,'kredi_karti','teslim_edildi','2026-05-13 17:20:00'),(302,25,NULL,14,750.00,'kredi_karti','teslim_edildi','2026-05-13 18:00:00'),(303,28,NULL,14,750.00,'kredi_karti','teslim_edildi','2026-05-13 18:05:00'),(304,31,NULL,14,750.00,'kredi_karti','teslim_edildi','2026-05-13 18:10:00'),(305,35,NULL,14,750.00,'kredi_karti','teslim_edildi','2026-05-13 18:15:00'),(306,39,NULL,14,750.00,'kredi_karti','teslim_edildi','2026-05-13 18:20:00'),(307,26,NULL,15,722.50,'kredi_karti','teslim_edildi','2026-05-13 19:00:00'),(308,29,NULL,15,722.50,'kredi_karti','teslim_edildi','2026-05-13 19:05:00'),(309,32,NULL,15,722.50,'kredi_karti','teslim_edildi','2026-05-13 19:10:00'),(310,36,NULL,15,722.50,'kredi_karti','teslim_edildi','2026-05-13 19:15:00'),(311,40,NULL,15,722.50,'kredi_karti','teslim_edildi','2026-05-13 19:20:00'),(363,3,NULL,1,450.00,'kredi_karti','teslim_edildi','2026-05-09 19:27:38'),(364,39,NULL,1,450.00,'kredi_karti','teslim_edildi','2026-05-12 12:15:00'),(366,25,NULL,2,315.00,'kredi_karti','teslim_edildi','2026-05-12 11:05:00'),(367,40,NULL,2,315.00,'kredi_karti','teslim_edildi','2026-05-12 12:20:00'),(368,26,NULL,3,400.00,'kredi_karti','teslim_edildi','2026-05-12 11:10:00'),(369,27,NULL,4,425.00,'kredi_karti','teslim_edildi','2026-05-12 11:15:00'),(370,28,NULL,5,600.00,'kredi_karti','teslim_edildi','2026-05-12 11:20:00'),(371,29,NULL,6,0.00,'kredi_karti','teslim_edildi','2026-05-12 11:25:00'),(372,1,NULL,7,50.00,'kredi_karti','teslim_edildi','2026-05-14 13:48:14'),(373,1,NULL,7,50.00,'kredi_karti','teslim_edildi','2026-05-14 13:48:47'),(374,30,NULL,7,50.00,'kredi_karti','teslim_edildi','2026-05-12 11:30:00'),(375,3,NULL,10,200.00,'kredi_karti','teslim_edildi','2026-05-09 19:27:38'),(376,1,NULL,10,200.00,'kredi_karti','teslim_edildi','2026-05-14 13:48:58'),(377,33,NULL,10,200.00,'kredi_karti','teslim_edildi','2026-05-12 11:45:00'),(378,34,NULL,11,100.00,'kredi_karti','teslim_edildi','2026-05-12 11:50:00'),(379,35,NULL,12,135.00,'kredi_karti','teslim_edildi','2026-05-12 11:55:00'),(380,36,NULL,13,350.00,'kredi_karti','teslim_edildi','2026-05-12 12:00:00'),(381,37,NULL,14,750.00,'kredi_karti','teslim_edildi','2026-05-12 12:05:00'),(382,38,NULL,15,722.50,'kredi_karti','teslim_edildi','2026-05-12 12:10:00'),(397,2,NULL,9,5625.00,'kredi_karti','onaylandı','2026-05-16 18:27:52'),(398,26,2,NULL,108000.00,'kredi_karti','teslim_edildi','2026-05-12 15:05:00'),(399,36,2,NULL,108000.00,'kredi_karti','teslim_edildi','2026-05-12 15:20:00'),(400,31,3,NULL,180000.00,'kredi_karti','teslim_edildi','2026-05-12 16:15:00'),(401,34,3,NULL,180000.00,'kredi_karti','teslim_edildi','2026-05-12 16:20:00'),(402,26,4,NULL,237500.00,'kredi_karti','teslim_edildi','2026-05-12 17:05:00'),(403,35,4,NULL,237500.00,'kredi_karti','teslim_edildi','2026-05-12 17:20:00'),(404,38,4,NULL,237500.00,'kredi_karti','teslim_edildi','2026-05-12 17:25:00'),(405,36,5,NULL,300000.00,'kredi_karti','teslim_edildi','2026-05-13 09:20:00'),(406,25,6,NULL,187000.00,'kredi_karti','teslim_edildi','2026-05-13 10:00:00'),(407,30,6,NULL,187000.00,'kredi_karti','teslim_edildi','2026-05-13 10:10:00'),(408,24,8,NULL,157500.00,'kredi_karti','teslim_edildi','2026-05-13 11:00:00'),(409,30,8,NULL,157500.00,'kredi_karti','teslim_edildi','2026-05-13 11:10:00'),(410,25,9,NULL,80750.00,'kredi_karti','teslim_edildi','2026-05-13 12:00:00'),(411,35,9,NULL,80750.00,'kredi_karti','teslim_edildi','2026-05-13 12:15:00'),(412,34,10,NULL,280000.00,'kredi_karti','teslim_edildi','2026-05-13 13:15:00'),(413,24,13,NULL,150000.00,'kredi_karti','teslim_edildi','2026-05-13 16:00:00'),(414,25,14,NULL,171000.00,'kredi_karti','teslim_edildi','2026-05-13 17:00:00'),(415,25,15,NULL,85000.00,'kredi_karti','teslim_edildi','2026-05-14 09:00:00'),(416,37,15,NULL,85000.00,'kredi_karti','teslim_edildi','2026-05-14 09:20:00'),(417,26,16,NULL,450000.00,'kredi_karti','teslim_edildi','2026-05-14 10:00:00'),(418,29,16,NULL,450000.00,'kredi_karti','teslim_edildi','2026-05-14 10:05:00'),(419,35,16,NULL,450000.00,'kredi_karti','teslim_edildi','2026-05-14 10:15:00'),(420,29,17,NULL,288000.00,'kredi_karti','teslim_edildi','2026-05-14 11:05:00'),(421,32,17,NULL,288000.00,'kredi_karti','teslim_edildi','2026-05-14 11:10:00'),(422,27,18,NULL,850000.00,'kredi_karti','teslim_edildi','2026-05-14 12:05:00'),(423,33,18,NULL,850000.00,'kredi_karti','teslim_edildi','2026-05-14 12:15:00'),(424,39,18,NULL,850000.00,'kredi_karti','teslim_edildi','2026-05-14 12:25:00'),(425,30,19,NULL,238000.00,'kredi_karti','teslim_edildi','2026-05-14 13:10:00'),(426,33,19,NULL,238000.00,'kredi_karti','teslim_edildi','2026-05-14 13:15:00'),(427,24,20,NULL,350000.00,'kredi_karti','teslim_edildi','2026-05-14 14:00:00'),(428,30,20,NULL,350000.00,'kredi_karti','teslim_edildi','2026-05-14 14:10:00'),(429,28,21,NULL,950000.00,'kredi_karti','teslim_edildi','2026-05-14 15:05:00'),(430,31,21,NULL,950000.00,'kredi_karti','teslim_edildi','2026-05-14 15:10:00'),(431,26,23,NULL,420000.00,'kredi_karti','teslim_edildi','2026-05-14 17:00:00'),(432,38,23,NULL,420000.00,'kredi_karti','teslim_edildi','2026-05-14 17:20:00'),(433,28,24,NULL,380000.00,'kredi_karti','teslim_edildi','2026-05-14 18:05:00'),(434,34,24,NULL,380000.00,'kredi_karti','teslim_edildi','2026-05-14 18:15:00'),(435,29,25,NULL,232000.00,'kredi_karti','teslim_edildi','2026-05-15 09:05:00'),(436,24,26,NULL,310000.00,'kredi_karti','teslim_edildi','2026-05-15 10:00:00'),(437,27,26,NULL,310000.00,'kredi_karti','teslim_edildi','2026-05-15 10:05:00'),(438,28,27,NULL,456000.00,'kredi_karti','teslim_edildi','2026-05-15 11:05:00'),(439,34,27,NULL,456000.00,'kredi_karti','teslim_edildi','2026-05-15 11:15:00'),(440,28,28,NULL,520000.00,'kredi_karti','teslim_edildi','2026-05-15 12:05:00'),(441,34,28,NULL,520000.00,'kredi_karti','teslim_edildi','2026-05-15 12:15:00'),(442,29,29,NULL,600000.00,'kredi_karti','teslim_edildi','2026-05-15 13:05:00'),(443,32,29,NULL,600000.00,'kredi_karti','teslim_edildi','2026-05-15 13:10:00'),(444,35,29,NULL,600000.00,'kredi_karti','teslim_edildi','2026-05-15 13:15:00'),(445,27,30,NULL,102000.00,'kredi_karti','teslim_edildi','2026-05-15 14:05:00'),(446,27,31,NULL,250000.00,'kredi_karti','teslim_edildi','2026-05-15 15:05:00'),(447,30,31,NULL,250000.00,'kredi_karti','teslim_edildi','2026-05-15 15:10:00'),(448,31,32,NULL,750000.00,'kredi_karti','teslim_edildi','2026-05-15 16:10:00'),(449,27,7,NULL,195000.00,'kredi_karti','teslim_edildi','2026-05-15 17:05:00');
/*!40000 ALTER TABLE `orders` ENABLE KEYS */;
UNLOCK TABLES;

--
-- Table structure for table `reservations`
--

DROP TABLE IF EXISTS `reservations`;
/*!40101 SET @saved_cs_client     = @@character_set_client */;
/*!50503 SET character_set_client = utf8mb4 */;
CREATE TABLE `reservations` (
  `id` int NOT NULL AUTO_INCREMENT,
  `user_id` int NOT NULL,
  `event_id` int NOT NULL,
  `participant_count` int DEFAULT '1',
  `reservation_date` date NOT NULL,
  `status` enum('beklemede','onaylandı','iptal') CHARACTER SET utf8mb4 COLLATE utf8mb4_turkish_ci DEFAULT 'beklemede',
  `created_at` datetime DEFAULT CURRENT_TIMESTAMP,
  PRIMARY KEY (`id`),
  KEY `user_id` (`user_id`),
  KEY `event_id` (`event_id`),
  CONSTRAINT `reservations_ibfk_1` FOREIGN KEY (`user_id`) REFERENCES `users` (`id`),
  CONSTRAINT `reservations_ibfk_2` FOREIGN KEY (`event_id`) REFERENCES `events` (`id`)
) ENGINE=InnoDB AUTO_INCREMENT=155 DEFAULT CHARSET=utf8mb4 COLLATE=utf8mb4_turkish_ci;
/*!40101 SET character_set_client = @saved_cs_client */;

--
-- Dumping data for table `reservations`
--

LOCK TABLES `reservations` WRITE;
/*!40000 ALTER TABLE `reservations` DISABLE KEYS */;
INSERT INTO `reservations` VALUES (1,2,1,2,'2025-06-15','onaylandı','2026-05-09 19:27:38'),(2,3,1,1,'2025-06-15','onaylandı','2026-05-09 19:27:38'),(3,2,6,3,'2025-06-20','beklemede','2026-05-09 19:27:38'),(4,3,10,1,'2025-07-05','onaylandı','2026-05-09 19:27:38'),(5,1,7,20,'2026-05-14','onaylandı','2026-05-14 13:48:14'),(6,1,7,20,'2026-05-14','onaylandı','2026-05-14 13:48:47'),(7,1,10,4,'2026-05-14','onaylandı','2026-05-14 13:48:58'),(8,1,14,5,'2026-05-14','onaylandı','2026-05-14 13:54:47'),(9,1,3,6,'2026-05-14','onaylandı','2026-05-14 15:18:05'),(10,24,1,1,'2025-06-15','onaylandı','2026-05-12 11:00:00'),(11,25,2,2,'2025-06-22','onaylandı','2026-05-12 11:05:00'),(12,26,3,1,'2025-07-10','onaylandı','2026-05-12 11:10:00'),(13,27,4,2,'2025-07-20','onaylandı','2026-05-12 11:15:00'),(14,28,5,1,'2025-08-05','onaylandı','2026-05-12 11:20:00'),(15,29,6,3,'2025-06-20','onaylandı','2026-05-12 11:25:00'),(16,30,7,1,'2025-07-01','onaylandı','2026-05-12 11:30:00'),(17,31,8,2,'2025-07-15','onaylandı','2026-05-12 11:35:00'),(18,32,9,1,'2025-08-01','onaylandı','2026-05-12 11:40:00'),(19,33,10,1,'2025-07-05','onaylandı','2026-05-12 11:45:00'),(20,34,11,2,'2025-06-28','onaylandı','2026-05-12 11:50:00'),(21,35,12,1,'2025-07-18','onaylandı','2026-05-12 11:55:00'),(22,36,13,1,'2025-07-12','onaylandı','2026-05-12 12:00:00'),(23,37,14,2,'2025-07-26','onaylandı','2026-05-12 12:05:00'),(24,38,15,1,'2025-08-10','onaylandı','2026-05-12 12:10:00'),(25,39,1,1,'2025-06-15','onaylandı','2026-05-12 12:15:00'),(26,40,2,1,'2025-06-22','onaylandı','2026-05-12 12:20:00'),(27,24,3,2,'2025-07-10','beklemede','2026-05-12 12:25:00'),(28,9,1,1,'2025-06-15','onaylandı','2026-05-12 10:00:00'),(29,10,1,1,'2025-06-15','onaylandı','2026-05-12 10:00:00'),(30,11,1,1,'2025-06-15','onaylandı','2026-05-12 10:00:00'),(31,25,1,1,'2025-06-15','onaylandı','2026-05-12 10:00:00'),(32,29,1,1,'2025-06-15','onaylandı','2026-05-12 10:00:00'),(33,33,1,1,'2025-06-15','onaylandı','2026-05-12 10:00:00'),(34,37,1,1,'2025-06-15','onaylandı','2026-05-12 10:00:00'),(35,40,1,1,'2025-06-15','onaylandı','2026-05-12 10:00:00'),(36,12,2,1,'2025-06-15','onaylandı','2026-05-12 10:00:00'),(37,13,2,1,'2025-06-15','onaylandı','2026-05-12 10:00:00'),(38,14,2,1,'2025-06-15','onaylandı','2026-05-12 10:00:00'),(39,26,2,1,'2025-06-15','onaylandı','2026-05-12 10:00:00'),(40,28,2,1,'2025-06-15','onaylandı','2026-05-12 10:00:00'),(41,30,2,1,'2025-06-15','onaylandı','2026-05-12 10:00:00'),(42,34,2,1,'2025-06-15','onaylandı','2026-05-12 10:00:00'),(43,38,2,1,'2025-06-15','onaylandı','2026-05-12 10:00:00'),(44,15,3,1,'2025-06-15','onaylandı','2026-05-12 10:00:00'),(45,16,3,1,'2025-06-15','onaylandı','2026-05-12 10:00:00'),(46,17,3,1,'2025-06-15','onaylandı','2026-05-12 10:00:00'),(47,27,3,1,'2025-06-15','onaylandı','2026-05-12 10:00:00'),(48,31,3,1,'2025-06-15','onaylandı','2026-05-12 10:00:00'),(49,35,3,1,'2025-06-15','onaylandı','2026-05-12 10:00:00'),(50,39,3,1,'2025-06-15','onaylandı','2026-05-12 10:00:00'),(51,18,4,1,'2025-06-15','onaylandı','2026-05-12 10:00:00'),(52,19,4,1,'2025-06-15','onaylandı','2026-05-12 10:00:00'),(53,20,4,1,'2025-06-15','onaylandı','2026-05-12 10:00:00'),(54,25,4,1,'2025-06-15','onaylandı','2026-05-12 10:00:00'),(55,28,4,1,'2025-06-15','onaylandı','2026-05-12 10:00:00'),(56,32,4,1,'2025-06-15','onaylandı','2026-05-12 10:00:00'),(57,36,4,1,'2025-06-15','onaylandı','2026-05-12 10:00:00'),(58,40,4,1,'2025-06-15','onaylandı','2026-05-12 10:00:00'),(59,21,5,1,'2025-06-15','onaylandı','2026-05-12 10:00:00'),(60,22,5,1,'2025-06-15','onaylandı','2026-05-12 10:00:00'),(61,23,5,1,'2025-06-15','onaylandı','2026-05-12 10:00:00'),(62,24,5,1,'2025-06-15','onaylandı','2026-05-12 10:00:00'),(63,26,5,1,'2025-06-15','onaylandı','2026-05-12 10:00:00'),(64,29,5,1,'2025-06-15','onaylandı','2026-05-12 10:00:00'),(65,33,5,1,'2025-06-15','onaylandı','2026-05-12 10:00:00'),(66,37,5,1,'2025-06-15','onaylandı','2026-05-12 10:00:00'),(67,9,6,1,'2025-06-15','onaylandı','2026-05-12 10:00:00'),(68,11,6,1,'2025-06-15','onaylandı','2026-05-12 10:00:00'),(69,13,6,1,'2025-06-15','onaylandı','2026-05-12 10:00:00'),(70,15,6,1,'2025-06-15','onaylandı','2026-05-12 10:00:00'),(71,17,6,1,'2025-06-15','onaylandı','2026-05-12 10:00:00'),(72,25,6,1,'2025-06-15','onaylandı','2026-05-12 10:00:00'),(73,27,6,1,'2025-06-15','onaylandı','2026-05-12 10:00:00'),(74,30,6,1,'2025-06-15','onaylandı','2026-05-12 10:00:00'),(75,34,6,1,'2025-06-15','onaylandı','2026-05-12 10:00:00'),(76,38,6,1,'2025-06-15','onaylandı','2026-05-12 10:00:00'),(77,12,7,1,'2025-06-15','onaylandı','2026-05-12 10:00:00'),(78,14,7,1,'2025-06-15','onaylandı','2026-05-12 10:00:00'),(79,16,7,1,'2025-06-15','onaylandı','2026-05-12 10:00:00'),(80,26,7,1,'2025-06-15','onaylandı','2026-05-12 10:00:00'),(81,29,7,1,'2025-06-15','onaylandı','2026-05-12 10:00:00'),(82,32,7,1,'2025-06-15','onaylandı','2026-05-12 10:00:00'),(83,35,7,1,'2025-06-15','onaylandı','2026-05-12 10:00:00'),(84,39,7,1,'2025-06-15','onaylandı','2026-05-12 10:00:00'),(85,18,8,1,'2025-06-15','onaylandı','2026-05-12 10:00:00'),(86,20,8,1,'2025-06-15','onaylandı','2026-05-12 10:00:00'),(87,22,8,1,'2025-06-15','onaylandı','2026-05-12 10:00:00'),(88,24,8,1,'2025-06-15','onaylandı','2026-05-12 10:00:00'),(89,27,8,1,'2025-06-15','onaylandı','2026-05-12 10:00:00'),(90,36,8,1,'2025-06-15','onaylandı','2026-05-12 10:00:00'),(91,40,8,1,'2025-06-15','onaylandı','2026-05-12 10:00:00'),(92,19,9,1,'2025-06-15','onaylandı','2026-05-12 10:00:00'),(93,23,9,1,'2025-06-15','onaylandı','2026-05-12 10:00:00'),(94,25,9,1,'2025-06-15','onaylandı','2026-05-12 10:00:00'),(95,28,9,1,'2025-06-15','onaylandı','2026-05-12 10:00:00'),(96,35,9,1,'2025-06-15','onaylandı','2026-05-12 10:00:00'),(97,39,9,1,'2025-06-15','onaylandı','2026-05-12 10:00:00'),(98,9,10,1,'2025-06-15','onaylandı','2026-05-12 10:00:00'),(99,12,10,1,'2025-06-15','onaylandı','2026-05-12 10:00:00'),(100,15,10,1,'2025-06-15','onaylandı','2026-05-12 10:00:00'),(101,18,10,1,'2025-06-15','onaylandı','2026-05-12 10:00:00'),(102,24,10,1,'2025-06-15','onaylandı','2026-05-12 10:00:00'),(103,26,10,1,'2025-06-15','onaylandı','2026-05-12 10:00:00'),(104,30,10,1,'2025-06-15','onaylandı','2026-05-12 10:00:00'),(105,34,10,1,'2025-06-15','onaylandı','2026-05-12 10:00:00'),(106,38,10,1,'2025-06-15','onaylandı','2026-05-12 10:00:00'),(107,10,11,1,'2025-06-15','onaylandı','2026-05-12 10:00:00'),(108,16,11,1,'2025-06-15','onaylandı','2026-05-12 10:00:00'),(109,19,11,1,'2025-06-15','onaylandı','2026-05-12 10:00:00'),(110,27,11,1,'2025-06-15','onaylandı','2026-05-12 10:00:00'),(111,31,11,1,'2025-06-15','onaylandı','2026-05-12 10:00:00'),(112,35,11,1,'2025-06-15','onaylandı','2026-05-12 10:00:00'),(113,39,11,1,'2025-06-15','onaylandı','2026-05-12 10:00:00'),(114,11,12,1,'2025-06-15','onaylandı','2026-05-12 10:00:00'),(115,14,12,1,'2025-06-15','onaylandı','2026-05-12 10:00:00'),(116,17,12,1,'2025-06-15','onaylandı','2026-05-12 10:00:00'),(117,20,12,1,'2025-06-15','onaylandı','2026-05-12 10:00:00'),(118,26,12,1,'2025-06-15','onaylandı','2026-05-12 10:00:00'),(119,29,12,1,'2025-06-15','onaylandı','2026-05-12 10:00:00'),(120,33,12,1,'2025-06-15','onaylandı','2026-05-12 10:00:00'),(121,37,12,1,'2025-06-15','onaylandı','2026-05-12 10:00:00'),(122,40,12,1,'2025-06-15','onaylandı','2026-05-12 10:00:00'),(123,22,13,1,'2025-06-15','onaylandı','2026-05-12 10:00:00'),(124,23,13,1,'2025-06-15','onaylandı','2026-05-12 10:00:00'),(125,30,13,1,'2025-06-15','onaylandı','2026-05-12 10:00:00'),(126,34,13,1,'2025-06-15','onaylandı','2026-05-12 10:00:00'),(127,38,13,1,'2025-06-15','onaylandı','2026-05-12 10:00:00'),(128,9,14,1,'2025-06-15','onaylandı','2026-05-12 10:00:00'),(129,17,14,1,'2025-06-15','onaylandı','2026-05-12 10:00:00'),(130,25,14,1,'2025-06-15','onaylandı','2026-05-12 10:00:00'),(131,28,14,1,'2025-06-15','onaylandı','2026-05-12 10:00:00'),(132,31,14,1,'2025-06-15','onaylandı','2026-05-12 10:00:00'),(133,39,14,1,'2025-06-15','onaylandı','2026-05-12 10:00:00'),(134,18,15,1,'2025-06-15','onaylandı','2026-05-12 10:00:00'),(135,20,15,1,'2025-06-15','onaylandı','2026-05-12 10:00:00'),(136,32,15,1,'2025-06-15','onaylandı','2026-05-12 10:00:00'),(137,36,15,1,'2025-06-15','onaylandı','2026-05-12 10:00:00'),(138,40,15,1,'2025-06-15','onaylandı','2026-05-12 10:00:00'),(139,10,7,1,'2026-05-11','onaylandı','2026-05-11 18:15:00'),(140,21,9,1,'2026-05-11','onaylandı','2026-05-11 18:55:00'),(141,13,11,1,'2026-05-11','onaylandı','2026-05-11 19:30:00'),(142,21,13,1,'2026-05-11','onaylandı','2026-05-11 20:05:00'),(143,13,14,1,'2026-05-11','onaylandı','2026-05-11 20:25:00'),(144,10,15,1,'2026-05-11','onaylandı','2026-05-11 20:35:00'),(145,14,15,1,'2026-05-11','onaylandı','2026-05-11 20:40:00'),(146,24,3,1,'2026-05-12','onaylandı','2026-05-12 17:00:00'),(147,25,11,1,'2026-05-13','onaylandı','2026-05-13 15:00:00'),(148,24,13,1,'2026-05-13','onaylandı','2026-05-13 17:00:00'),(149,27,13,1,'2026-05-13','onaylandı','2026-05-13 17:05:00'),(150,35,14,1,'2026-05-13','onaylandı','2026-05-13 18:15:00'),(151,26,15,1,'2026-05-13','onaylandı','2026-05-13 19:00:00'),(152,29,15,1,'2026-05-13','onaylandı','2026-05-13 19:05:00'),(154,2,9,75,'2026-05-16','onaylandı','2026-05-16 18:27:45');
/*!40000 ALTER TABLE `reservations` ENABLE KEYS */;
UNLOCK TABLES;

--
-- Table structure for table `review_replies`
--

DROP TABLE IF EXISTS `review_replies`;
/*!40101 SET @saved_cs_client     = @@character_set_client */;
/*!50503 SET character_set_client = utf8mb4 */;
CREATE TABLE `review_replies` (
  `id` int NOT NULL AUTO_INCREMENT,
  `review_id` int NOT NULL,
  `admin_id` int NOT NULL,
  `reply` text CHARACTER SET utf8mb4 COLLATE utf8mb4_turkish_ci NOT NULL,
  `created_at` datetime DEFAULT CURRENT_TIMESTAMP,
  `updated_at` datetime DEFAULT CURRENT_TIMESTAMP ON UPDATE CURRENT_TIMESTAMP,
  PRIMARY KEY (`id`),
  UNIQUE KEY `review_id` (`review_id`),
  KEY `admin_id` (`admin_id`),
  CONSTRAINT `review_replies_ibfk_1` FOREIGN KEY (`review_id`) REFERENCES `reviews` (`id`),
  CONSTRAINT `review_replies_ibfk_2` FOREIGN KEY (`admin_id`) REFERENCES `users` (`id`)
) ENGINE=InnoDB DEFAULT CHARSET=utf8mb4 COLLATE=utf8mb4_turkish_ci;
/*!40101 SET character_set_client = @saved_cs_client */;

--
-- Dumping data for table `review_replies`
--

LOCK TABLES `review_replies` WRITE;
/*!40000 ALTER TABLE `review_replies` DISABLE KEYS */;
/*!40000 ALTER TABLE `review_replies` ENABLE KEYS */;
UNLOCK TABLES;

--
-- Table structure for table `review_votes`
--

DROP TABLE IF EXISTS `review_votes`;
/*!40101 SET @saved_cs_client     = @@character_set_client */;
/*!50503 SET character_set_client = utf8mb4 */;
CREATE TABLE `review_votes` (
  `id` int NOT NULL AUTO_INCREMENT,
  `review_id` int NOT NULL,
  `user_id` int NOT NULL,
  `is_helpful` tinyint DEFAULT '1',
  PRIMARY KEY (`id`),
  UNIQUE KEY `review_id` (`review_id`,`user_id`),
  KEY `user_id` (`user_id`),
  CONSTRAINT `review_votes_ibfk_1` FOREIGN KEY (`review_id`) REFERENCES `reviews` (`id`),
  CONSTRAINT `review_votes_ibfk_2` FOREIGN KEY (`user_id`) REFERENCES `users` (`id`)
) ENGINE=InnoDB AUTO_INCREMENT=5 DEFAULT CHARSET=utf8mb4 COLLATE=utf8mb4_turkish_ci;
/*!40101 SET character_set_client = @saved_cs_client */;

--
-- Dumping data for table `review_votes`
--

LOCK TABLES `review_votes` WRITE;
/*!40000 ALTER TABLE `review_votes` DISABLE KEYS */;
INSERT INTO `review_votes` VALUES (1,1,3,1),(2,2,2,1),(3,3,3,1),(4,5,3,1);
/*!40000 ALTER TABLE `review_votes` ENABLE KEYS */;
UNLOCK TABLES;

--
-- Table structure for table `reviews`
--

DROP TABLE IF EXISTS `reviews`;
/*!40101 SET @saved_cs_client     = @@character_set_client */;
/*!50503 SET character_set_client = utf8mb4 */;
CREATE TABLE `reviews` (
  `id` int NOT NULL AUTO_INCREMENT,
  `user_id` int NOT NULL,
  `artwork_id` int DEFAULT NULL,
  `event_id` int DEFAULT NULL,
  `rating` tinyint NOT NULL,
  `comment` text CHARACTER SET utf8mb4 COLLATE utf8mb4_turkish_ci NOT NULL,
  `is_verified` tinyint DEFAULT '0',
  `created_at` datetime DEFAULT CURRENT_TIMESTAMP,
  PRIMARY KEY (`id`),
  KEY `user_id` (`user_id`),
  KEY `artwork_id` (`artwork_id`),
  KEY `event_id` (`event_id`),
  CONSTRAINT `reviews_ibfk_1` FOREIGN KEY (`user_id`) REFERENCES `users` (`id`),
  CONSTRAINT `reviews_ibfk_2` FOREIGN KEY (`artwork_id`) REFERENCES `artworks` (`id`),
  CONSTRAINT `reviews_ibfk_3` FOREIGN KEY (`event_id`) REFERENCES `events` (`id`),
  CONSTRAINT `reviews_chk_1` CHECK ((`rating` between 1 and 5))
) ENGINE=InnoDB AUTO_INCREMENT=365 DEFAULT CHARSET=utf8mb4 COLLATE=utf8mb4_turkish_ci;
/*!40101 SET character_set_client = @saved_cs_client */;

--
-- Dumping data for table `reviews`
--

LOCK TABLES `reviews` WRITE;
/*!40000 ALTER TABLE `reviews` DISABLE KEYS */;
INSERT INTO `reviews` VALUES (1,2,1,NULL,5,'Mona Lisa reprodüksiyonunu sipariş ettim, gelemez diye düşünürdüm ama fotoğraflar gerçekten çarpıcı. Siparişimi sabırsızlıkla bekliyorum.',0,'2026-05-09 19:27:38'),(2,3,1,NULL,4,'Sergide yakından gördüm; gizemli gülüşü gerçekten büyüleyici. Her açıdan farklı bir ifade taşıyor.',0,'2026-05-09 19:27:38'),(3,2,2,NULL,5,'Yıldızlı Gece hayallerimde gezdiğim bir tablo; her izlediğimde sarmal bulutların içinde kayboluyorum.',0,'2026-05-09 19:27:38'),(4,3,9,NULL,5,'Kaplumbağa Terbiyecisi Osmanlı sanatının zirvesi; bu eserin milli koleksiyonumuzdaki yerini her gördüğümde gurur duyuyorum.',0,'2026-05-09 19:27:38'),(5,7,1,NULL,4,'Leonardo\'nun bu efsane portresini online görmek ayrı bir heyecan. Sanat tarihinin en ikonik yüzü diyebilirim.',0,'2026-05-10 18:46:19'),(6,7,9,NULL,5,'Osman Hamdi Bey\'in bu eseri Türk sanat tarihinin en güçlü simgelerinden biri. Görebilmek harikaydı.',0,'2026-05-10 18:50:11'),(7,9,27,NULL,5,'Ayçiçekleri baskısı bugün elime geçti; sarının bu kadar sıcak ve canlı olabileceğini görmek inanılmaz. Çerçeveleyip salona astım.',1,'2026-05-11 12:00:00'),(8,10,30,NULL,5,'Vitruvius Adamı reprodüksiyonu kargo kutusundan çıktığında büyülendim. İnce mürekkep çizgileri baskıda da eksiksiz korunmuş.',1,'2026-05-11 12:05:00'),(9,11,19,NULL,5,'İzlenim: Gün Doğumu evime ulaştı; liman sisinin o yumuşak ışıkta nasıl eridiğini baskıda da hissedebiliyorsunuz. Harika bir seçim oldu.',1,'2026-05-11 12:10:00'),(10,12,31,NULL,4,'Hayatın Dansı\'nı sipariş ettim, onay bekliyorum. Munch\'ün aşk-gençlik-ölüm döngüsünü bu kadar etkileyici anlatan başka eser gördüğümü sanmıyorum.',0,'2026-05-11 12:15:00'),(11,13,20,NULL,5,'Nilüferler baskısı çok güzel paketlenmiş olarak geldi. Monet\'nin su zambaklarındaki huzuru oturma odama da taşıdı, çok memnunum.',1,'2026-05-11 12:25:00'),(12,14,32,NULL,5,'Klimt\'in Adele\'si eve geldiğinde altın yaprakların parıltısını baskıda görmek gerçekten şaşırttı. Çalışma odama astım, odayı aydınlattı.',1,'2026-05-11 12:35:00'),(13,15,16,NULL,5,'Kuzey\'in Mona Lisası kapıma ulaştı; o bakışın ve ışık oyununun baskıda bu denli güçlü aktarılabileceğini düşünmezdim.',1,'2026-05-11 12:40:00'),(14,16,26,NULL,5,'Dalí\'nin Uyku\'sunu sipariş ettim; beklentim çok yüksek. Bilinçaltının bu kadar rafine görselleştirildiği başka eser düşünemiyorum.',0,'2026-05-11 12:50:00'),(15,22,2,NULL,5,'Yıldızlı Gece reprodüksiyonu kargoda hasar görmeden geldi. Fırça dokuları baskıda neredeyse elle hissedilebilecek kadar belirgin.',1,'2026-05-11 12:20:00'),(16,13,29,NULL,4,'İlkbahar\'ı sipariş ettim ve kargoda görünüyor; bu hafta teslim bekliyorum. Botticelli\'nin bu bahar masalını çok seviyorum.',0,'2026-05-11 13:00:00'),(17,14,17,NULL,4,'Süt Döken Kadın kargoda, merakla bekliyorum. Vermeer\'in Barok ışık kullanımı beni her seferinde hayrete düşürüyor.',0,'2026-05-11 13:05:00'),(18,17,8,NULL,5,'Venüsün Doğuşu baskısı evime geldi; Botticelli\'nin zarif renk geçişleri baskıda da çarpıcı. Yatak odamın baş duvarına layıkıyla yerleşti.',1,'2026-05-11 13:40:00'),(19,18,6,NULL,5,'Belleğin Azmi kargodan sağlam çıktı; eriyen saatler baskıda da o tuhaf ve büyüleyici atmosferi tam anlamıyla korumuş.',1,'2026-05-11 13:25:00'),(20,19,4,NULL,5,'Atina Okulu baskısını aldığımda detay zenginliği karşısında donup kaldım. Felsefenin ve sanatın bu denli buluştuğu başka eser yok.',1,'2026-05-11 12:55:00'),(21,20,5,NULL,5,'Sistine Şapeli\'nin bu ikonik sahnesinin baskısı eve ulaştı; Tanrı ile Adem\'in parmak uçlarının buluşması baskıda da tüyleri diken diken ediyor.',1,'2026-05-11 13:10:00'),(22,21,10,NULL,5,'Son Akşam Yemeği baskısı düşündüğümden çok daha büyük ve etkileyici geldi. Karşısında oturup saatlerce inceleyebilirsiniz.',1,'2026-05-11 14:15:00'),(23,23,9,NULL,5,'Kaplumbağa Terbiyecisi evime ulaştı; Osman Hamdi Bey\'in o sakin ve gizemli atmosferi baskıda da kendini hissettiriyor. Harika bir eser.',1,'2026-05-11 13:55:00'),(24,9,11,NULL,4,'Galeri No. 13\'ü sipariş ettim; kargoda görünüyor. Çağdaş Türk soyut sanatından renk ve form dengesini bu kadar başarılı kullanan az eser var.',0,'2026-05-11 13:30:00'),(25,10,25,NULL,4,'Dikenli Kolye ile Otoportre kargoda; bekliyorum. Frida\'nın bu eserdeki kimlik sorgulaması ve direnci her bakışta farklı konuşuyor.',0,'2026-05-11 13:35:00'),(26,11,22,NULL,4,'Avignonlu Kızlar siparişini verdim, kargoda. Modern sanatın doğuşunu müjdeleyen bu eser evimde nasıl duracak merak ediyorum.',0,'2026-05-11 15:20:00'),(27,15,28,NULL,4,'Gece Kafesi kargoda yolda; Van Gogh\'un sarı sıcak ışıkla gecenin laciverdini bu denli zıtlaştırması eşsiz. Sabırsızlıkla bekliyorum.',0,'2026-05-11 15:40:00'),(28,17,14,NULL,4,'Zeybekler Kurtuluş Savaşı\'nda\'yı sipariş ettim; kargoda. Milli Mücadele\'nin direniş ruhunu bu denli epik anlatan başka tablo zor bulunur.',0,'2026-05-11 14:05:00'),(29,21,13,NULL,5,'Atatürk Portresi\'ni sipariş ettim ve kargoda görünüyor; cumhuriyetin kurucu liderini bu denli güçlü aktaran bir portreye sahip olmak büyük bir onur.',0,'2026-05-11 14:00:00'),(30,23,30,NULL,4,'Vitruvius Adamı kargoda; insan vücudunun altın oranını bu şekilde sanata dönüştüren Leonardo\'nun dehasına her seferinde hayran kalıyorum.',0,'2026-05-11 14:45:00'),(31,12,24,NULL,5,'İki Frida\'yı sipariş ettim, onaylanmasını bekliyorum. Sanatçının kimlik ikiliğini bu kadar güçlü tuvale yansıtması çok etkileyici.',0,'2026-05-11 15:00:00'),(32,22,12,NULL,3,'Karanlığın Çağrısı\'nı sipariş ettim; bekliyorum. Dijital sanat piyasasının büyümesini takip ediyorum ve bu eser ilgimi çekti.',0,'2026-05-11 15:45:00'),(33,19,12,NULL,3,'Karanlığın Çağrısı kargoda; merak ediyorum nasıl gelecek. Sanatçının acemilik dönemi eseri olduğunu bilerek sipariş ettim.',0,'2026-05-11 16:05:00'),(34,18,15,NULL,4,'Celile Hanım Portresi\'ni sipariş ettim; Osman Hamdi Bey\'in kadın figürlerine yaklaşımı her zaman zarafet ve derinlik içeriyor.',0,'2026-05-11 13:50:00'),(35,16,18,NULL,4,'Gece Devriyesi\'ni sipariş etmiştim ama iptal ettim çünkü boyutları evime uymadı. Eserin kendisi harika, Rembrandt\'ın ışık ustalığı eşsiz.',0,'2026-05-11 15:55:00'),(36,22,23,NULL,4,'Ağlayan Kadın siparişimi iptal ettim; farklı bir eser seçmeye karar verdim. Dora Maar\'ın kübist yorumu yine de çok güçlü bir eser.',0,'2026-05-11 14:55:00'),(37,9,3,NULL,4,'Çığlık siparişim onay bekliyor. Varoluşsal kaygıyı bu denli güçlü yansıtan ekspresyonist bir eser; çalışma odama çok yakışacak.',0,'2026-05-11 12:30:00'),(38,2,NULL,1,4,'Yağlıboya atölyesine kaydoldum, çok heyecanlıyım. Sıfırdan başlamak için mükemmel bir başlangıç gibi görünüyor.',0,'2026-05-09 19:27:38'),(39,9,NULL,1,5,'Yağlıboya Başlangıç Atölyesi hayatımda katıldığım en verimli 3 saatti. Eğitmen sabırla her fırça darbemizi tek tek düzeltti, çok şey öğrendim.',1,'2026-05-11 16:30:00'),(40,10,NULL,1,4,'Atölyeye katılmadan önce hiç fırça tutmamıştım; eğitmen o kadar anlaşılır anlattı ki ilk tuvalimden memnun ayrıldım.',1,'2026-05-11 16:35:00'),(41,11,NULL,1,5,'Sıfırdan başlayan biri olarak çok şey öğrendim. Malzemelerin dahil olması da organizasyonu çok kolaylaştırdı.',1,'2026-05-11 16:40:00'),(42,12,NULL,2,5,'Karakalem portre tekniklerini bu atölyede öğrenmek inanılmaz değerliydi. Eğitmen her katılımcıya ayrı ayrı ilgilendi.',1,'2026-05-11 16:50:00'),(43,13,NULL,2,4,'Orta seviye için çok uygun bir içerik; temel teknikleri atlayıp doğrudan pratik uygulamaya geçmek güzeldi.',1,'2026-05-11 16:55:00'),(44,14,NULL,2,5,'Portre çizimine merak sarmıştım ama bu atölye o merakı tutkuya dönüştürdü. Kesinlikle devam kurslarına da katılacağım.',1,'2026-05-11 17:00:00'),(45,15,NULL,3,5,'Doğadan ilham alarak suluboya öğrenmek bambaşka bir his. Açık havada çalışmak konsantrasyonu artırıyor ve eğitmen bunu çok iyi değerlendiriyor.',1,'2026-05-11 17:05:00'),(46,16,NULL,3,4,'Suluboya tekniklerini çok net anlattılar, evde de rahatlıkla uyguluyorum. Bir veya iki teknik daha eklenseydi mükemmel olurdu.',1,'2026-05-11 17:10:00'),(47,17,NULL,3,4,'Başlangıç seviyesi için son derece uygun tempo ve içerik; güven veren bir atölye ortamı vardı.',1,'2026-05-11 17:15:00'),(48,18,NULL,4,5,'Kil ile çalışmanın bu kadar keyifli olabileceğini hiç düşünmemiştim. Ellerimle bir şekil vermenin o tatmini kelimelerle anlatamam.',1,'2026-05-11 17:20:00'),(49,19,NULL,4,4,'Form ve doku çalışmaları çok öğreticiydi; seramiğin teknik boyutunu ilk defa bu kadar anlamlı kavradım.',1,'2026-05-11 17:25:00'),(50,20,NULL,4,5,'Her seviyeden katılımcı için gerçekten uygun bir program hazırlamışlar; yeni başlayanlar da deneyimliler de verimli ayrıldı.',1,'2026-05-11 17:30:00'),(51,21,NULL,5,5,'Procreate ile bu kadar çok şey yapılabileceğini bilmiyordum. Eğitmen katman yönetiminden renk teorisine kadar her şeyi çok anlaşılır aktardı.',1,'2026-05-11 17:35:00'),(52,22,NULL,5,4,'Dijital sanata geçmek isteyenler için mükemmel bir başlangıç noktası. Tablet ile vektör çizime bu kadar hızlı adapte olacağımı düşünmezdim.',1,'2026-05-11 17:40:00'),(53,23,NULL,5,5,'Eğitmen konusuna gerçekten hakim; her soruyu somut bir pratik örneğiyle yanıtladı. Çok değerliydi.',1,'2026-05-11 17:45:00'),(54,3,NULL,6,5,'Türk Resim Sanatı Sergisi\'ne rezervasyon yaptırdım; Osmanlıdan Cumhuriyete sanatımızın yolculuğunu görmek büyük heyecan verici.',0,'2026-05-09 19:27:38'),(55,9,NULL,6,5,'Osmanlıdan Cumhuriyete geçişi bu kadar tutarlı ve etkileyici anlatan bir sergi daha görmedim. Her eser ayrı bir dönem belgeği gibiydi.',1,'2026-05-11 17:50:00'),(56,11,NULL,6,5,'Her eser ayrı bir hikaye anlatıyordu; sergiyi gezerken Türk sanatının nasıl evrildiğini somut olarak hissettim.',1,'2026-05-11 17:55:00'),(57,13,NULL,6,4,'Sergi çok kapsamlı ve kaliteli kurgulanmış; tek eksiklik rehberli tur seçeneğinin olmaması, eklenseydi mükemmel olurdu.',1,'2026-05-11 18:00:00'),(58,15,NULL,6,5,'Türk sanatının bu kadar geniş bir yelpazede sergilenmesi nadiren rastladığım bir deneyimdi. Tüm arkadaşlarıma tavsiye ettim.',1,'2026-05-11 18:05:00'),(59,17,NULL,6,4,'Sergi alanı biraz kalabalık oldu ama eserlerin kalitesi ve düzeni bunu telafi etti. Yine de daha ferah bir ortam tercih ederdim.',1,'2026-05-11 18:10:00'),(60,10,NULL,7,5,'Rönesansı bu denli canlı hissettiren bir sergi Türkiye\'de ilk kez gördüm. Sanat tarihi seminerleri sergiyi anlam bakımından çok zenginleştirdi.',1,'2026-05-11 18:15:00'),(61,12,NULL,7,4,'Sanat tarihi seminerleri sergiye inanılmaz değer kattı; reprodüksiyonlar gerçeği aratmıyor desek yeri var.',1,'2026-05-11 18:20:00'),(62,14,NULL,7,5,'Rönesans ustalarının eserlerini bu kadar yakından incelemek sanat tarihine bakışımı tamamen değiştirdi.',1,'2026-05-11 18:25:00'),(63,16,NULL,7,4,'Sergi çok iyi organize edilmişti; akış mantıklıydı ve açıklama kartları yeterliydi. Tekrar gelmek isterim.',1,'2026-05-11 18:30:00'),(64,18,NULL,8,5,'Genç Türk sanatçıların bu denli özgün işler üretmesi çok sevindirici; sergi yerli sanata desteğin ne kadar önemli olduğunu bir kez daha gösterdi.',1,'2026-05-11 18:35:00'),(65,20,NULL,8,4,'Karma sergi çok iyi düzenlenmiş; farklı tarzlardaki eserlerin aynı alanda bu kadar uyumlu sergilenmesi dikkat çekiciydi.',1,'2026-05-11 18:40:00'),(66,22,NULL,8,4,'Yerli sanatçılara bu platformun sağlanması çok değerli; bazı isimler gerçekten büyük bir potansiyel taşıyor.',1,'2026-05-11 18:45:00'),(67,19,NULL,9,5,'Duygunun bu kadar güçlü ifade edildiği bir sergi daha görmemiştim; her oda farklı bir hissiyat yaratıyordu.',1,'2026-05-11 18:50:00'),(68,21,NULL,9,4,'Van Gogh ve Munch\'ün bir arada sergilenmesi inanılmaz bir atmosfer yarattı; tematik kurgu çok başarılıydı.',1,'2026-05-11 18:55:00'),(69,23,NULL,9,5,'Her oda farklı bir duygusal katmana karşılık geliyordu; bu tematik yaklaşım sergiyi sıradan bir gezinin çok ötesine taşıdı.',1,'2026-05-11 19:00:00'),(70,9,NULL,10,5,'NFT ve dijital sanat paneli gerçekten aydınlatıcıydı; blockchain ile sanat piyasasının kesişimini bu kadar somut açıklayan bir etkinliğe ilk kez katıldım.',1,'2026-05-11 19:05:00'),(71,12,NULL,10,4,'Konuşmacılar sektörün içinden isimlerdi ve güncel örnekler sundular; soru-cevap kısmı biraz daha uzun olabilirdi.',1,'2026-05-11 19:10:00'),(72,15,NULL,10,5,'Blockchain ile sanat ilişkisi bu konferansta zihnimde netleşti. Dijital koleksiyoner olmayı ciddiye almaya başladım.',1,'2026-05-11 19:15:00'),(73,18,NULL,10,3,'Konu çok ilginçti ama içerik yoğunluğu karşısında soru-cevap süresi yetersiz kaldı. Bir sonraki konferansta bu dengelenirse harika olur.',1,'2026-05-11 19:20:00'),(74,10,NULL,11,5,'Dr. Yıldız konuyu akıcı ve keyifli bir dille anlattı; Rönesans ikonografisini bu kadar somut öğrendiğim başka bir ortam olmamıştı.',1,'2026-05-11 19:25:00'),(75,13,NULL,11,5,'Rönesans\'ın toplumsal bağlamını bu kadar derinlikli ele alan bir seminer daha görmedim; her slayt ayrı bir keşif gibiydi.',1,'2026-05-11 19:30:00'),(76,16,NULL,11,4,'İkonografi bölümü özellikle çok faydalıydı; sembollerin anlamını öğrenmek sergilere bakmayı tamamen farklı bir deneyime çevirdi.',1,'2026-05-11 19:35:00'),(77,19,NULL,11,4,'Seminer çok bilgilendirici ve akademik derinliği vardı; biraz daha interaktif olsaydı katılımcı motivasyonu daha yüksek olabilirdi.',1,'2026-05-11 19:40:00'),(78,11,NULL,12,5,'Müze yönetimi üzerine bu kadar kapsamlı ve pratik odaklı bir panel ilk kez gördüm; küratörlük alanında çalışmayı düşünenler için biçilmiş kaftan.',1,'2026-05-11 19:45:00'),(79,14,NULL,12,4,'Küratörlük bölümü çok bilgilendirici ve ilham vericiydi; gerçek projelerden örnekler sunulması paneli somutlaştırdı.',1,'2026-05-11 19:50:00'),(80,17,NULL,12,5,'Sergi tasarımı konuşması özellikle çok değerliydi; mekan kurgunun ziyaretçi deneyimini nasıl şekillendirdiğini hiç bu kadar net kavramadım.',1,'2026-05-11 19:55:00'),(81,20,NULL,12,4,'Panel çok iyi organize edilmişti; tek itirazım giriş ücretinin içerikle kıyaslandığında biraz yüksek kalmasıydı.',1,'2026-05-11 20:00:00'),(82,21,NULL,13,5,'Trabzon\'un tarihi zenginliğini bu tur sayesinde gerçek anlamda keşfettim; rehber tarihi anlatıyı çok canlı ve ilgi çekici kıldı.',1,'2026-05-11 20:05:00'),(83,22,NULL,13,4,'Rehber çok bilgiliydi; zaman nasıl geçti anlamadım. Yerel sanat geleneğini bu denli yakından tanımak çok kıymetliydi.',1,'2026-05-11 20:10:00'),(84,23,NULL,13,5,'Yerel sanat geleneğini tanımak bu turun en büyük kazanımı oldu; müzedeki koleksiyonun zenginliği beklentilerimin çok ötesindeydi.',1,'2026-05-11 20:15:00'),(85,9,NULL,14,5,'İstanbul Modern hayatımın en güzel müze deneyimiydi; Boğaz manzarasıyla bütünleşen sergi alanı başlı başına bir eser gibi.',1,'2026-05-11 20:20:00'),(86,13,NULL,14,5,'Pera Müzesi ile İstanbul Modern\'i aynı günde gezmek inanılmaz bir sanat yolculuğuydu; organizasyon da mükemmeldi.',1,'2026-05-11 20:25:00'),(87,17,NULL,14,4,'Rehber çok bilgiliydi ve ulaşım organizasyonu aksamadı; otobüs konforu biraz daha iyi olsaydı beş yıldız verirdim.',1,'2026-05-11 20:30:00'),(88,10,NULL,15,5,'Türkiye\'nin ilk devlet müzesini bu tur sayesinde gerçek anlamda keşfettim; koleksiyonun derinliği beni çok şaşırttı.',1,'2026-05-11 20:35:00'),(89,14,NULL,15,4,'Ankara\'nın sanat mirasını ortaya koyan harika bir tur; müzenin tarihi atmosferi eserleri daha anlamlı kılıyor.',1,'2026-05-11 20:40:00'),(90,18,NULL,15,5,'Öğle yemeğinin dahil olması organizasyonu çok kolaylaştırdı; uzun bir tur için bu detay büyük fark yaratıyor.',1,'2026-05-11 20:45:00'),(91,20,NULL,15,4,'Gidip gelmek biraz yorucu oldu ama müzenin koleksiyonu buna fazlasıyla değdi. Bir kez daha gidebilirim.',1,'2026-05-11 20:50:00'),(92,24,1,NULL,5,'Mona Lisa baskısı evime ulaştı; o gizemli gülüşün her açıdan farklı bir anlam taşıdığını baskıda da fark ettim. Oturma odamın baş köşesine layıkıyla kondu.',1,'2026-05-12 14:00:00'),(93,25,1,NULL,5,'Sipariş verdiğimden bu yana sabırsızlanıyordum; baskı geldiğinde renklerin bu kadar canlı olmasına gerçekten şaşırdım.',1,'2026-05-12 14:05:00'),(94,26,1,NULL,4,'Mona Lisa reprodüksiyonu çok kaliteli paketlenmiş olarak geldi. Çerçevelettikten sonra muhteşem durdu, tavsiye ederim.',1,'2026-05-12 14:10:00'),(95,30,1,NULL,4,'Siparişimi onayladılar, teslimi bekliyorum. Leonardo\'nın bu ikonik portresine sahip olmak her sanat severinin hayali.',0,'2026-05-12 14:15:00'),(96,33,1,NULL,5,'Baskı eli̇me ulaştı; mürekkep ve renk kalitesi beklentimin çok üzerindeydi. Kesinlikle tekrar sipariş vereceğim.',1,'2026-05-12 14:20:00'),(97,35,1,NULL,4,'Kargo sağlam geldi, ambalaj çok özenli hazırlanmıştı. Mona Lisa salona asılı çok şık durdu.',1,'2026-05-12 14:25:00'),(98,38,1,NULL,5,'Aldığım ilk sanat baskısı bu oldu ve mükemmel bir seçimdi. Ziyaretçilerin ilk dikkatini o gizemli gülüş çekiyor.',1,'2026-05-12 14:30:00'),(99,40,1,NULL,5,'Siparişi aldım; baskının boyutu ve kalitesi tam istediğim gibi. Duvarımı gerçek bir galeriye çevirdi.',1,'2026-05-12 14:35:00'),(100,24,2,NULL,5,'Yıldızlı Gece baskısı çok etkileyici geldi; sarmal bulutların o gece atmosferini baskıda da hissettiriyor. Yatak odama astım.',1,'2026-05-12 15:00:00'),(101,26,2,NULL,4,'Van Gogh\'un fırça dokuları baskıda da net hissediliyor. Çok kaliteli bir çalışma olmuş, memnunum.',1,'2026-05-12 15:05:00'),(102,28,2,NULL,5,'Sipariş teslim edildi; renkler fotoğraftakinden de güzel. Gece lambası ışığında muhteşem görünüyor.',1,'2026-05-12 15:10:00'),(103,32,2,NULL,4,'Siparişim kargoda, bu hafta bekliyorum. Yıldızlı Gece her zaman en sevdiğim tablolardan biri olmuştu.',0,'2026-05-12 15:15:00'),(104,36,2,NULL,5,'Baskı elime geçti; Van Gogh\'un o coşkulu fırça izleri baskıya birebir yansımış. Gerçekten etkileyici.',1,'2026-05-12 15:20:00'),(105,39,2,NULL,5,'Ambalaj çok güzeldi, içinden çıkarırken heyecanlandım. Baskı kalitesi söz verilen gibi, çok memnunum.',1,'2026-05-12 15:25:00'),(106,25,3,NULL,5,'Çığlık baskısı eve geldi; varoluşsal kaygının bu kadar güçlü ifade edildiği bir eseri oturma odama astım.',1,'2026-05-12 16:00:00'),(107,27,3,NULL,4,'Renk canlılığı ve baskı kalitesi çok iyiydi. Ekspresyonizmin bu şaheserini evimde görmek bambaşka.',1,'2026-05-12 16:05:00'),(108,29,3,NULL,5,'Siparişim onaylandı, bekliyorum. Çığlık\'ın o sarsıcı atmosferini ev ortamında yaşatmak istiyorum.',0,'2026-05-12 16:10:00'),(109,31,3,NULL,4,'Baskı teslim edildi; Munch\'ün renk ve form kullanımı baskıda da çarpıcılığını korumuş.',1,'2026-05-12 16:15:00'),(110,34,3,NULL,5,'Paketleme mükemmeldi, hiç hasar görmeden geldi. Çığlık\'ı ilk gördüğümde çok etkilenmiştim, şimdi her sabah aynı hissi yaşıyorum.',1,'2026-05-12 16:20:00'),(111,37,3,NULL,4,'Kargo sağlam geldi. Ekspresyonizmin gücünü evde hissetmek isteyenlere kesinlikle tavsiye ederim.',1,'2026-05-12 16:25:00'),(112,24,4,NULL,5,'Atina Okulu baskısı çalışma odama inanılmaz bir derinlik kattı. Detayların baskıda bu kadar net korunması gerçekten takdire değer.',1,'2026-05-12 17:00:00'),(113,26,4,NULL,5,'Fresk detayları baskıda birebir aktarılmış; Platon ve Aristoteles\'i bu kadar net görmek büyüleyici.',1,'2026-05-12 17:05:00'),(114,28,4,NULL,4,'Siparişim kargoda, bu hafta gelecek. Rönesans\'ın bu muhteşem eserini çok merak ediyorum.',0,'2026-05-12 17:10:00'),(115,31,4,NULL,5,'Baskı teslim edildi; boyutlar ve renk kalitesi beklentimi fazlasıyla karşıladı.',1,'2026-05-12 17:15:00'),(116,35,4,NULL,4,'Ambalaj çok özenli, hasar yok. Atina Okulu\'nun o entelektüel atmosferi çalışma ortamıma yansıdı.',1,'2026-05-12 17:20:00'),(117,38,4,NULL,5,'Teslim aldım; Raphael\'in bu şaheserini ilk gördüğümde kadar büyülenmiştim, baskıda o his tekrar yaşandı.',1,'2026-05-12 17:25:00'),(118,24,5,NULL,5,'Ademin Yaratılışı baskısı çok etkileyici geldi; parmak uçlarının buluştuğu o mucizevi an baskıda da tüyleri diken diken ediyor.',1,'2026-05-13 09:00:00'),(119,27,5,NULL,5,'Baskı teslim edildi; renk geçişleri ve detaylar gerçekten muhteşem. Sistine tavanından bir parçayı evimde hissediyorum.',1,'2026-05-13 09:05:00'),(120,29,5,NULL,4,'Siparişim onaylandı, bekliyorum. Michelangelo\'nun bu efsane sahnesini dört gözle bekliyorum.',0,'2026-05-13 09:10:00'),(121,32,5,NULL,5,'Paketleme mükemmeldi. Baskı büyüklüğü de tam istediğim gibiydi, salon duvarına çok yakıştı.',1,'2026-05-13 09:15:00'),(122,36,5,NULL,4,'Kargo sağlam geldi, renk doğruluğu iyi. Michelangelo\'nun dehası bu baskıda da kendini hissettiriyor.',1,'2026-05-13 09:20:00'),(123,25,6,NULL,5,'Dalí\'nin Belleğin Azmi\'ni sipariş ettim ve teslim aldım; eriyen saatler baskıda o rüyamsı atmosferi eksiksiz yansıtıyor.',1,'2026-05-13 10:00:00'),(124,28,6,NULL,5,'Sürrealizmin bu ikonik eseri eve gelince salon büsbütün farklı bir boyut kazandı. Herkes soruyor ne olduğunu!',1,'2026-05-13 10:05:00'),(125,30,6,NULL,4,'Baskı kalitesi çok iyi; Dalí\'nin renk paleti baskıda da canlı. Biraz daha büyük boyut tercih edebilirdim.',1,'2026-05-13 10:10:00'),(126,33,6,NULL,5,'Teslim aldım; baskı gerçekten hayranlık uyandırıcı. Sürrealizm meraklılarına kesinlikle tavsiye ederim.',1,'2026-05-13 10:15:00'),(127,37,6,NULL,4,'Siparişim onaylanmış, kargoya verilmesini bekliyorum. Bilinçaltını bu denli görselleştiren eser az.',0,'2026-05-13 10:20:00'),(128,24,8,NULL,5,'Venüsün Doğuşu baskısı çok zarif geldi; Botticelli\'nin o ince renk geçişleri baskıda da göz alıcı.',1,'2026-05-13 11:00:00'),(129,27,8,NULL,5,'Baskı teslim edildi; ambalaj özenli, içerik mükemmel. Yatak odama astım, sabah uyandığımda muhteşem bir his.',1,'2026-05-13 11:05:00'),(130,30,8,NULL,4,'Renk doğruluğu çok iyi, boyut da uygun. Botticelli\'nin zarif fırça işçiliği baskıda net görünüyor.',1,'2026-05-13 11:10:00'),(131,33,8,NULL,5,'Sipariş aldım; ambalaj çok güzeldi. Venüs\'ün o huzurlu ifadesi evime bambaşka bir atmosfer kattı.',1,'2026-05-13 11:15:00'),(132,36,8,NULL,4,'Kargo hızlı geldi, hasar yok. Rönesans sanatının bu naif güzelliğini evde yaşatmak çok değerli.',1,'2026-05-13 11:20:00'),(133,39,8,NULL,4,'Siparişim kargoda, bu hafta gelecek. Venüsün Doğuşu her zaman favori eserlerimden biri.',0,'2026-05-13 11:25:00'),(134,25,9,NULL,5,'Kaplumbağa Terbiyecisi baskısı teslim edildi; Osman Hamdi Bey\'in o sakin ve özgün atmosferi baskıda da kendini hissettiriyor.',1,'2026-05-13 12:00:00'),(135,29,9,NULL,5,'Türk sanatının bu şaheserini evimde görmek gurur verici. Baskı kalitesi de gerçekten tatmin edici.',1,'2026-05-13 12:05:00'),(136,32,9,NULL,4,'Baskı geldi; renk ve doku kalitesi iyi. Millî sanatımıza ait bu eseri her gün görmek ayrı bir duygu.',1,'2026-05-13 12:10:00'),(137,35,9,NULL,5,'Sipariş aldım; ambalaj titizdi, baskı sağlam geldi. Osman Hamdi Bey\'in derinlikli kompozisyonu çok etkileyici.',1,'2026-05-13 12:15:00'),(138,38,9,NULL,4,'Siparişim onaylandı, bekliyorum. Osmanlı sanatının bu özgün örneğini sabırsızlıkla bekliyorum.',0,'2026-05-13 12:20:00'),(139,26,10,NULL,5,'Son Akşam Yemeği baskısı eve geldi; devasa kompozisyonun baskıda da o anıtsal etkiyi verdiğini görmek inanılmaz.',1,'2026-05-13 13:00:00'),(140,29,10,NULL,5,'Baskı teslim edildi; detaylar çok net, renk kalitesi harika. Yemek odasına astım, çok yakıştı.',1,'2026-05-13 13:05:00'),(141,32,10,NULL,4,'Paketleme iyiydi, içerik sağlam geldi. Leonardo\'nun bu muhteşem eserini evimde bulundurmak gurur verici.',1,'2026-05-13 13:10:00'),(142,34,10,NULL,5,'Sipariş aldım; baskı boyutu çok uygun seçilmiş. Havariler ve Isa\'nın o dramatik anı baskıda da çarpıcı.',1,'2026-05-13 13:15:00'),(143,37,10,NULL,4,'Siparişim onaylandı. Son Akşam Yemeği\'nin o derin anlatısını her gün yaşamak isteyenlere tavsiye ederim.',0,'2026-05-13 13:20:00'),(144,40,10,NULL,5,'Kargo sağlam, ambalaj özenli. Baskı kalitesi gerçekten üst düzey. Çok memnun kaldım.',1,'2026-05-13 13:25:00'),(145,25,11,NULL,4,'Galeri No. 13 baskısı teslim aldım; soyut kompozisyonun renk dengesi çalışma odama dinamizm kattı.',1,'2026-05-13 14:00:00'),(146,28,11,NULL,4,'Çağdaş Türk sanatına ilgi duyuyorum; bu eser de beklentimi karşıladı. Renk doygunluğu gayet iyi.',1,'2026-05-13 14:05:00'),(147,31,11,NULL,3,'Sipariş teslim edildi; eser güzel ama fotoğraftaki kadar canlı gelmedi. Yine de kalite kabul edilebilir seviyede.',1,'2026-05-13 14:10:00'),(148,34,11,NULL,4,'Siparişim kargoda, bu hafta bekliyorum. Soyut sanat için cesur bir seçim yaptım, umarım beğenirim.',0,'2026-05-13 14:15:00'),(149,26,12,NULL,3,'Karanlığın Çağrısı pixel eseri geldi; dijital sanat olarak ilginç ama boyutlar biraz küçük kaldı benim için.',1,'2026-05-13 15:00:00'),(150,30,12,NULL,4,'Pixel sanat tarzında özgün bir eser; genç sanatçıyı desteklemek amacıyla aldım ve memnun kaldım.',1,'2026-05-13 15:05:00'),(151,33,12,NULL,3,'Baskı geldi; dijital eserlerin fiziksel baskısı her zaman beklentiyi tam karşılamıyor ama fiyat-kalite dengesi uygun.',1,'2026-05-13 15:10:00'),(152,37,12,NULL,3,'Siparişim onaylandı, bekliyorum. Dijital sanatı desteklemek amacıyla aldım, merak ediyorum nasıl gelecek.',0,'2026-05-13 15:15:00'),(153,24,13,NULL,5,'Atatürk Portresi teslim edildi; İbrahim Çallı\'nın bu güçlü eseri çok değerli ve baskı kalitesi mükemmel.',1,'2026-05-13 16:00:00'),(154,27,13,NULL,5,'Baskı eve geldi; cumhuriyetin kurucu liderinin bu portresine sahip olmak gurur verici. Çok kaliteli bir çalışma.',1,'2026-05-13 16:05:00'),(155,30,13,NULL,5,'Paketleme çok özenli, baskı sağlam geldi. Salon duvarına astım, oturma odasına muhteşem bir anlam kattı.',1,'2026-05-13 16:10:00'),(156,33,13,NULL,4,'Siparişim kargoda; Atatürk portrelerinin içinde İbrahim Çallı\'nın yorumu en özgün ve etkileyici olanlardan.',0,'2026-05-13 16:15:00'),(157,36,13,NULL,5,'Teslim aldım; baskı boyutu uygun, renk kalitesi iyi. Bu portreyi her gün görmek motivasyon veriyor.',1,'2026-05-13 16:20:00'),(158,39,13,NULL,4,'Siparişim onaylandı, bekliyorum. Türk sanat tarihinin bu değerli eserini ev koleksiyonuma katmak istedim.',0,'2026-05-13 16:25:00'),(159,25,14,NULL,5,'Zeybekler Kurtuluş Savaşı\'nda baskısı teslim edildi; Milli Mücadele\'nin o destansı ruhunu bu kadar güçlü hissettiren eser az.',1,'2026-05-13 17:00:00'),(160,28,14,NULL,5,'Baskı çok etkileyici geldi; Anadolu insanının direnişi tuvale bu kadar güçlü aktarılmış.',1,'2026-05-13 17:05:00'),(161,31,14,NULL,4,'Sipariş teslim edildi; renk ve doku kalitesi tatmin edici. Çalışma odasına çok yakıştı.',1,'2026-05-13 17:10:00'),(162,34,14,NULL,4,'Siparişim onaylandı, merakla bekliyorum. İbrahim Çallı\'nın bu epik çalışması sanatımızın gururu.',0,'2026-05-13 17:15:00'),(163,25,15,NULL,5,'Celile Hanım Portresi teslim edildi; Osman Hamdi Bey\'in o zarif ve derin kadın portreleri her zaman büyüler beni.',1,'2026-05-14 09:00:00'),(164,28,15,NULL,4,'Baskı geldi; dönemin zarafetini yansıtan bu portrenin baskı kalitesi çok iyi.',1,'2026-05-14 09:05:00'),(165,31,15,NULL,5,'Ambalaj özenli, içerik sağlam. Bu portreyi yatak odasına astım, odaya ayrı bir hava kattı.',1,'2026-05-14 09:10:00'),(166,34,15,NULL,4,'Siparişim kargoda; Osmanlı dönemi kadın portreleri içinde bu eser çok özgün bir yere sahip.',0,'2026-05-14 09:15:00'),(167,37,15,NULL,5,'Teslim aldım; baskı kalitesi ve renk doğruluğu çok iyi. Osman Hamdi Bey\'in fırçası baskıda da yaşıyor.',1,'2026-05-14 09:20:00'),(168,26,16,NULL,5,'İnci Küpeli Kız baskısı eve geldi; Kuzey\'in Mona Lisası\'nın o bakışı ve ışık oyunu baskıda da büyüleyici.',1,'2026-05-14 10:00:00'),(169,29,16,NULL,5,'Baskı teslim edildi; Vermeer\'in ışık ustalığı bu küçük boyutlu eserde de tam anlamıyla parlıyor.',1,'2026-05-14 10:05:00'),(170,32,16,NULL,5,'Paketleme harika, içerik mükemmel. Bu portrenin o gizemli bakışı evi aydınlattı.',1,'2026-05-14 10:10:00'),(171,35,16,NULL,4,'Sipariş geldi; beklentiyi karşıladı. Barok\'un bu zarif örneği çalışma odama çok yakıştı.',1,'2026-05-14 10:15:00'),(172,38,16,NULL,4,'Siparişim onaylandı, bekliyorum. Vermeer\'in bu meşhur portresini çok merak ediyorum.',0,'2026-05-14 10:20:00'),(173,26,17,NULL,5,'Süt Döken Kadın baskısı teslim edildi; gündelik bir anın Barok ışığında nasıl şahesere dönüştüğünü her bakışta yeniden keşfediyorum.',1,'2026-05-14 11:00:00'),(174,29,17,NULL,5,'Baskı çok kaliteli geldi; Vermeer\'in ışık sırrı bu baskıda da çözülmüyor, her izleyişte yeni bir şey görüyorsunuz.',1,'2026-05-14 11:05:00'),(175,32,17,NULL,4,'Sipariş teslim edildi; renk doğruluğu çok iyi. Vermeer\'i keşfetmek için mükemmel bir başlangıç eseri.',1,'2026-05-14 11:10:00'),(176,35,17,NULL,4,'Siparişim kargoda, bu hafta bekliyorum. Barok\'un ışık ve gündelik yaşam birleşimi her zaman ilgimi çekmiştir.',0,'2026-05-14 11:15:00'),(177,24,18,NULL,5,'Gece Devriyesi baskısı eve geldi; hareket ve ışığın bu denli ustaca kullanıldığı başka eser bilmiyorum.',1,'2026-05-14 12:00:00'),(178,27,18,NULL,5,'Baskı teslim edildi; Rembrandt\'ın o karanlık-ışık zıtlığı baskıda da tam anlamıyla hissediliyor.',1,'2026-05-14 12:05:00'),(179,30,18,NULL,4,'Büyük boyutlu baskı etkileyiciydi; paketleme özenli ve içerik sağlam geldi.',1,'2026-05-14 12:10:00'),(180,33,18,NULL,5,'Sipariş aldım; salon duvarı için mükemmel bir seçim oldu. Hollanda Altın Çağı\'nın görkemi evimde yaşıyor artık.',1,'2026-05-14 12:15:00'),(181,36,18,NULL,4,'Siparişim onaylandı, bekliyorum. Rembrandt\'ın bu anıtsal eserinin baskısını görmek için sabırsızlanıyorum.',0,'2026-05-14 12:20:00'),(182,39,18,NULL,4,'Kargo hızlı geldi, ambalaj sağlamdı. Gece Devriyesi\'nin o devasa etkisi baskıda da hissediliyor.',1,'2026-05-14 12:25:00'),(183,25,19,NULL,5,'İzlenim: Gün Doğumu baskısı çok güzel geldi; sisli liman atmosferi baskıda da o yumuşaklığını koruyup huzur veriyor.',1,'2026-05-14 13:00:00'),(184,27,19,NULL,5,'Baskı teslim edildi; empresyonizmin doğuşunu simgeleyen bu eserin renk geçişleri muhteşem.',1,'2026-05-14 13:05:00'),(185,30,19,NULL,4,'Sipariş geldi; renk kalitesi çok iyi. Monet\'nin bu ikonik eseri yatak odama bambaşka bir atmosfer kattı.',1,'2026-05-14 13:10:00'),(186,33,19,NULL,5,'Ambalaj mükemmeldi, baskı sağlam geldi. Monet\'yi sevenlere kesinlikle öneririm.',1,'2026-05-14 13:15:00'),(187,36,19,NULL,4,'Siparişim kargoda; tüm bir akımın adını alan bu eseri evimde görmek istiyorum.',0,'2026-05-14 13:20:00'),(188,39,19,NULL,5,'Teslim aldım; baskı çok etkileyici. Gün doğumunun o belirsiz ışığı evimi aydınlattı.',1,'2026-05-14 13:25:00'),(189,24,20,NULL,5,'Nilüferler baskısı çok güzel geldi; Monet\'nin kendi bahçesinden bu huzurlu kompozisyon evi sakinleştiriyor.',1,'2026-05-14 14:00:00'),(190,27,20,NULL,5,'Baskı teslim edildi; su zambaklarının renk uyumu baskıda da çarpıcı. Salon için mükemmel seçim.',1,'2026-05-14 14:05:00'),(191,30,20,NULL,4,'Sipariş geldi; boyut ve kalite tam istediğim gibi. Monet\'nin son dönem çalışmalarının huzurunu evimde taşıyorum.',1,'2026-05-14 14:10:00'),(192,33,20,NULL,5,'Ambalaj özenli, içerik mükemmel. Nilüferler baskısı konuk odasına asıldı, misafirler çok beğeniyor.',1,'2026-05-14 14:15:00'),(193,36,20,NULL,4,'Siparişim onaylandı, bekliyorum. Monet\'nin bu sakin ve huzurlu eserini çalışma odama almak istiyorum.',0,'2026-05-14 14:20:00'),(194,39,20,NULL,5,'Kargo çok hızlı geldi, ambalaj sağlamdı. Nilüferler baskısı beklentimi tam karşıladı.',1,'2026-05-14 14:25:00'),(195,25,21,NULL,5,'Guernica baskısı teslim edildi; savaşın yıkıcılığını bu denli güçlü anlatan eserin baskıda da o sarsıcı etkiyi koruması şaşırtıcı.',1,'2026-05-14 15:00:00'),(196,28,21,NULL,5,'Baskı eve geldi; Picasso\'nun o geometrik çığlığı baskıda da tam anlamıyla hissediliyor.',1,'2026-05-14 15:05:00'),(197,31,21,NULL,4,'Sipariş geldi; çok büyük ve etkileyici bir baskı. Guernica\'yı salon duvarına astım, odaya büyük anlam kattı.',1,'2026-05-14 15:10:00'),(198,34,21,NULL,5,'Ambalaj mükemmeldi; baskı sağlam geldi. Kübizm ve savaş eleştirisinin bu buluşması her bakışta yeni bir şey söylüyor.',1,'2026-05-14 15:15:00'),(199,37,21,NULL,4,'Siparişim kargoda; Guernica\'yı evimde görmek için sabırsızlanıyorum. Picasso\'nun bu anıtsal eseri çok değerli.',0,'2026-05-14 15:20:00'),(200,25,22,NULL,5,'Avignonlu Kızlar baskısı eve geldi; modern sanatın doğuşunu müjdeleyen bu eserin baskıda da o devrimci etkiyi taşıması etkileyici.',1,'2026-05-14 16:00:00'),(201,28,22,NULL,4,'Baskı teslim edildi; perspektifin parçalandığı bu eser evimde büyük ilgi çekiyor.',1,'2026-05-14 16:05:00'),(202,31,22,NULL,5,'Sipariş geldi; Picasso\'nun bu devrim niteliğindeki eserini çalışma odama astım, her gün motive ediyor.',1,'2026-05-14 16:10:00'),(203,34,22,NULL,4,'Siparişim onaylandı, bekliyorum. Modern sanatın kırılma noktasını temsil eden bu eseri çok merak ediyorum.',0,'2026-05-14 16:15:00'),(204,38,22,NULL,5,'Ambalaj özenli, baskı sağlam geldi. Kübizmin bu ilk büyük eseri ev koleksiyonumda gurur ile yer aldı.',1,'2026-05-14 16:20:00'),(205,26,23,NULL,5,'Ağlayan Kadın baskısı teslim edildi; Dora Maar\'ın yüzündeki hüznün kübist parçalanması baskıda da çok güçlü.',1,'2026-05-14 17:00:00'),(206,29,23,NULL,5,'Baskı eve geldi; Picasso\'nun duygusal derinliği bu küçük formatta da çarpıcılığını koruyor.',1,'2026-05-14 17:05:00'),(207,32,23,NULL,4,'Sipariş geldi; renk ve form kalitesi iyi. Kübizmin bu duygusal yorumu çalışma odama bambaşka bir enerji kattı.',1,'2026-05-14 17:10:00'),(208,35,23,NULL,4,'Siparişim kargoda; bu hafta teslim bekliyorum. Ağlayan Kadın\'ı görmek için sabırsızlanıyorum.',0,'2026-05-14 17:15:00'),(209,38,23,NULL,5,'Ambalaj mükemmeldi, baskı sağlam geldi. Picasso\'nun bu özgün yorumu ev koleksiyonumda özel bir yer tutacak.',1,'2026-05-14 17:20:00'),(210,25,24,NULL,5,'İki Frida baskısı teslim edildi; kimlik ikiliğini ve bölünmüşlüğü bu kadar güçlü aktaran başka eser göremedim.',1,'2026-05-14 18:00:00'),(211,28,24,NULL,5,'Baskı eve geldi; Frida\'nın o derin iç çatışması baskıda da tam anlamıyla hissediliyor.',1,'2026-05-14 18:05:00'),(212,31,24,NULL,4,'Sipariş geldi; renk kalitesi çok iyi, boyut uygun. Sürrealizmin bu özgün ürünü salon duvarımı süslüyor.',1,'2026-05-14 18:10:00'),(213,34,24,NULL,5,'Ambalaj özenli, baskı sağlam. Frida Kahlo\'nun tüm koleksiyonunu almak istiyorum, buradan başladım.',1,'2026-05-14 18:15:00'),(214,37,24,NULL,4,'Siparişim onaylandı, bekliyorum. İki Frida sanatçının en güçlü eseri bence.',0,'2026-05-14 18:20:00'),(215,26,25,NULL,5,'Dikenli Kolye ile Otoportre baskısı teslim edildi; Meksika ormanının gizemini ve sanatçının acısını aynı anda hissettiriyor.',1,'2026-05-15 09:00:00'),(216,29,25,NULL,5,'Baskı eve geldi; Frida\'nın bu otoportresindeki direniş ve acı dengesi baskıda da çok güçlü.',1,'2026-05-15 09:05:00'),(217,32,25,NULL,4,'Sipariş geldi; fiyat-kalite oranı çok iyi. Frida Kahlo hayranlarına kesinlikle tavsiye ederim.',1,'2026-05-15 09:10:00'),(218,35,25,NULL,4,'Siparişim kargoda; Frida\'nın özgünlüğü ve cesareti bu eserle de çok güçlü yansıyor bence.',0,'2026-05-15 09:15:00'),(219,38,25,NULL,5,'Ambalaj titizdi, baskı sağlam geldi. Dikenli kolye detayları baskıda da net görünüyor, harika!',1,'2026-05-15 09:20:00'),(220,24,26,NULL,5,'Dalí\'nin Uyku\'su teslim edildi; bilinçaltının bu görsel yorumu evimde rüyamsı bir atmosfer yaratıyor.',1,'2026-05-15 10:00:00'),(221,27,26,NULL,5,'Baskı eve geldi; Dalí\'nin renk ve form dehasının baskıda bu kadar net aktarılması gerçekten etkileyici.',1,'2026-05-15 10:05:00'),(222,30,26,NULL,4,'Sipariş geldi; boyut ve kalite uygun. Sürrealizmin bu özgün örneği çalışma odama bambaşka bir derinlik kattı.',1,'2026-05-15 10:10:00'),(223,33,26,NULL,5,'Ambalaj mükemmeldi, baskı sağlam geldi. Bilinçaltının derinliklerini bu kadar güçlü resmeden başka sanatçı yok.',1,'2026-05-15 10:15:00'),(224,36,26,NULL,4,'Siparişim onaylandı, merakla bekliyorum. Dalí\'nin her eserini takip ediyorum.',0,'2026-05-15 10:20:00'),(225,25,27,NULL,5,'Ayçiçekleri baskısı çok etkileyici geldi; sarının bu kadar sıcak ve yaşam dolu kullanımı baskıda da insanı canlandırıyor.',1,'2026-05-15 11:00:00'),(226,28,27,NULL,5,'Baskı teslim edildi; Van Gogh\'un o coşkusu baskıda da tam anlamıyla hissediliyor. Mutfağa astım, mükemmel durdu.',1,'2026-05-15 11:05:00'),(227,31,27,NULL,4,'Sipariş geldi; renk canlılığı çok iyi. Ayçiçekleri natürmortunun enerjisi evi aydınlatıyor.',1,'2026-05-15 11:10:00'),(228,34,27,NULL,5,'Ambalaj özenli, baskı sağlam. Van Gogh\'un en sevdiğim eseri, evimde olmak büyük bir mutluluk.',1,'2026-05-15 11:15:00'),(229,37,27,NULL,4,'Siparişim kargoda; Van Gogh\'un sarısını ve o yaşam enerjisini evimde görmek istiyorum.',0,'2026-05-15 11:20:00'),(230,40,27,NULL,5,'Kargo hızlı geldi. Ayçiçekleri baskısı fotoğraftaki kadar canlı, çok beğendim.',1,'2026-05-15 11:25:00'),(231,25,28,NULL,5,'Gece Kafesi baskısı teslim edildi; sarı sıcak ışıkla gecenin laciverdinin o muhteşem zıtlığı baskıda da gözleri kamaştırıyor.',1,'2026-05-15 12:00:00'),(232,28,28,NULL,5,'Baskı eve geldi; Van Gogh\'un gece sarısını bu kadar canlı yansıtan başka eser yok bence.',1,'2026-05-15 12:05:00'),(233,31,28,NULL,4,'Sipariş geldi; renk kalitesi çok yüksek, boyut uygun. Oturma odasına astım, çok yakıştı.',1,'2026-05-15 12:10:00'),(234,34,28,NULL,5,'Ambalaj titizdi, baskı sağlam geldi. Gece Kafesi\'nin sıcaklığı her akşam salonu aydınlatıyor.',1,'2026-05-15 12:15:00'),(235,37,28,NULL,4,'Siparişim onaylandı, bekliyorum. Bu eserin o sarı-lacivert zıtlığını evimde görmek istiyorum.',0,'2026-05-15 12:20:00'),(236,26,29,NULL,5,'Primavera baskısı çok güzel geldi; mitolojik figürlerin bahar dansı baskıda da o zarif Rönesans havasını taşıyor.',1,'2026-05-15 13:00:00'),(237,29,29,NULL,5,'Baskı teslim edildi; Botticelli\'nin o ince tempera teknikleri baskıda da çok net görünüyor.',1,'2026-05-15 13:05:00'),(238,32,29,NULL,4,'Sipariş geldi; boyut ve kalite iyi. Primavera\'nın o bahar enerjisi evi canlandırıyor.',1,'2026-05-15 13:10:00'),(239,35,29,NULL,5,'Ambalaj özenli, baskı sağlam. Rönesans\'ın bu bahar masalını evimde bulundurmak harikaydı.',1,'2026-05-15 13:15:00'),(240,38,29,NULL,4,'Siparişim kargoda; Botticelli\'nin bu zarif eserini sabırsızlıkla bekliyorum.',0,'2026-05-15 13:20:00'),(241,25,30,NULL,5,'Vitruvius Adamı baskısı teslim edildi; sanat ve bilimin bu kusursuz birleşimini çalışma odama aldım, her gün ilham veriyor.',1,'2026-05-15 14:00:00'),(242,27,30,NULL,5,'Baskı eve geldi; mürekkep çizgileri baskıda da inanılmaz net. Leonardo\'nun dehasını gözlerinizle görüyorsunuz.',1,'2026-05-15 14:05:00'),(243,30,30,NULL,4,'Sipariş geldi; fiyat-kalite oranı çok iyi. Vitruvius Adamı her ofis veya çalışma odasına yakışır.',1,'2026-05-15 14:10:00'),(244,33,30,NULL,5,'Ambalaj mükemmeldi, içerik sağlam geldi. Bu baskı mühendislik ve sanat meraklılarına biçilmiş kaftan.',1,'2026-05-15 14:15:00'),(245,36,30,NULL,4,'Siparişim onaylandı, bekliyorum. İnsan vücudunun altın oranını bu kadar güzel gösteren eser az.',0,'2026-05-15 14:20:00'),(246,24,31,NULL,5,'Hayatın Dansı baskısı teslim edildi; aşk, gençlik ve ölüm döngüsünün bu kadar güçlü anlatıldığı bir eser çarpıcı.',1,'2026-05-15 15:00:00'),(247,27,31,NULL,5,'Baskı eve geldi; Munch\'ün dışavurumcu fırça izleri baskıda da çok etkili. Konuk odasına astım.',1,'2026-05-15 15:05:00'),(248,30,31,NULL,4,'Sipariş geldi; renk kalitesi iyi, boyut uygun. Munch\'ün bu daha az bilinen şaheserini seviyorum.',1,'2026-05-15 15:10:00'),(249,33,31,NULL,5,'Ambalaj özenli, baskı sağlam. Ekspresyonizmin gücü bu eserde de kendini tam gösteriyor.',1,'2026-05-15 15:15:00'),(250,36,31,NULL,4,'Siparişim kargoda; Munch\'ü yalnızca Çığlık ile bilenlere Hayatın Dansı\'nı da öneririm.',0,'2026-05-15 15:20:00'),(251,25,32,NULL,5,'Adele Bloch-Bauer I baskısı teslim edildi; altın yaprakların parıltısı baskıda da muhteşem. Odaya görkemli bir hava kattı.',1,'2026-05-15 16:00:00'),(252,28,32,NULL,5,'Baskı eve geldi; Klimt\'in altın ve renk kullanımının baskıda bu denli canlı aktarılması inanılmaz.',1,'2026-05-15 16:05:00'),(253,31,32,NULL,4,'Sipariş geldi; boyut ve kalite çok iyi. Adele\'nin o görkemli portresi salona müthiş bir prestij kattı.',1,'2026-05-15 16:10:00'),(254,34,32,NULL,5,'Ambalaj titizdi, baskı sağlam geldi. Altın Dönem eserlerinin en prestijlisi bence bu.',1,'2026-05-15 16:15:00'),(255,37,32,NULL,5,'Kargo çok hızlı geldi. Adele Bloch-Bauer I baskısı gerçekten görkemli; Klimt meraklılarına şiddetle tavsiye ederim.',1,'2026-05-15 16:20:00'),(256,40,32,NULL,4,'Siparişim onaylandı, bekliyorum. Klimt\'in altın yaprak tekniği her zaman büyülemiştir beni.',0,'2026-05-15 16:25:00'),(257,25,7,NULL,5,'Öpücük baskısı teslim edildi; altın yapraklara sarılmış iki figürün bu romantik birleşimi baskıda da göz kamaştırıyor.',1,'2026-05-15 17:00:00'),(258,27,7,NULL,5,'Baskı eve geldi; Klimt\'in sembolizmi ve altın paleti baskıda da eksiksiz aktarılmış.',1,'2026-05-15 17:05:00'),(259,30,7,NULL,4,'Sipariş geldi; renk ve altın tonu iyi korunmuş. Öpücük her romantizm severin duvarına yakışır.',1,'2026-05-15 17:10:00'),(260,33,7,NULL,4,'Siparişim kargoda; Klimt\'in bu en meşhur eseri için sabırsızlanıyorum.',0,'2026-05-15 17:15:00'),(261,36,7,NULL,5,'Teslim aldım; baskı kalitesi çok yüksek. Öpücük yatak odamda romantik bir atmosfer yarattı.',1,'2026-05-15 17:20:00'),(262,39,24,NULL,4,'Siparişim kargoda; Frida\'nın kimlik sorgulaması bence en güçlü ifadesini bu eserde buluyor.',0,'2026-05-15 18:00:00'),(263,40,24,NULL,5,'Baskı teslim edildi; iki Frida yan yana, kimlik ikiliği o kadar güçlü aktarılmış ki karşısında sessizce duruyorsunuz.',1,'2026-05-15 18:05:00'),(264,40,21,NULL,4,'Siparişim onaylandı, merakla bekliyorum. Guernica tarihsel hafızanın en güçlü sanatsal yansımalarından biri.',0,'2026-05-15 18:10:00'),(265,24,NULL,1,5,'Yağlıboya atölyesi hayatımda katıldığım en keyifli ve öğretici deneyimlerden biri oldu. Eğitmen sabırla her adımı anlattı.',1,'2026-05-12 15:00:00'),(266,25,NULL,1,4,'Sıfırdan başlayanlar için mükemmel bir ortam; malzemeler dahil olması hem pratik hem değer katıyor.',1,'2026-05-12 15:05:00'),(267,29,NULL,1,5,'İlk fırça darbemden son dokumaya kadar eğitmen yanımızdaydı; çok şey öğrendim ve motivasyonum arttı.',1,'2026-05-12 15:10:00'),(268,33,NULL,1,4,'Atölye ortamı çok samimi ve verimli; tekrar katılmak isterim. İlk tuvalimden gurur duyarak ayrıldım.',1,'2026-05-12 15:15:00'),(269,37,NULL,1,5,'Sanatla bu kadar kucaklaşacağımı beklemiyordum; bu atölye tablo yapmaya gerçekten merak sardırdı bana.',1,'2026-05-12 15:20:00'),(270,40,NULL,1,4,'Organizasyon çok iyiydi; materyal kalitesi yüksek ve eğitmen çok sabırlı. Devam kurslarına da kaydolacağım.',1,'2026-05-12 15:25:00'),(271,26,NULL,2,5,'Portre çizimi atölyesi çok değerliydi; karakalem tekniklerini bu kadar net anlatan başka kurs görmedim.',1,'2026-05-12 16:00:00'),(272,28,NULL,2,4,'Her katılımcıya ayrı ayrı ilgilenilmesi atölyeyi gerçekten özel kılıyor; teknik gelişimim çok hızlandı.',1,'2026-05-12 16:05:00'),(273,30,NULL,2,5,'Orta seviye için biçilmiş kaftan; temel bilgileri zaten biliyordum ama pratik uygulamada büyük ilerleme kaydettim.',1,'2026-05-12 16:10:00'),(274,34,NULL,2,4,'Eğitmen çok tecrübeli ve yönlendirici; portre çizimine olan tutku bu atölyeyle gerçek bir beceriye dönüştü.',1,'2026-05-12 16:15:00'),(275,38,NULL,2,5,'Kömür tekniğini ilk defa bu kadar kapsamlı öğrendim; uygulanan vaka çalışmaları çok faydalıydı.',1,'2026-05-12 16:20:00'),(276,24,NULL,3,5,'Suluboya atölyesi açık hava çalışmasıyla bambaşka bir his yaşattı; doğadan ilham almak konsantrasyonu artırıyor.',1,'2026-05-12 17:00:00'),(277,27,NULL,3,4,'Renk geçişlerini öğrenmek bu atölyeyle çok kolaylaştı; katman katman uygulama tekniği özellikle değerliydi.',1,'2026-05-12 17:05:00'),(278,31,NULL,3,5,'Hem başlangıç hem orta seviye için uygun içerik hazırlanmıştı; hiçbir katılımcı geride kalmadı.',1,'2026-05-12 17:10:00'),(279,35,NULL,3,4,'Eğitmen çok açıklayıcıydı; evde de uygulayabildiğim teknikler öğrendim. Bir sonraki atölyeye kesinlikle katılacağım.',1,'2026-05-12 17:15:00'),(280,39,NULL,3,5,'Suluboya ile manzara resmi yapmak bu kadar keyifli olabilir bilmiyordum; atölyeden çok mutlu ayrıldım.',1,'2026-05-12 17:20:00'),(281,25,NULL,4,5,'Kil ile çalışmanın bu kadar tatmin edici olduğunu ilk defa hissettim; form ve doku egzersizleri çok öğreticiydi.',1,'2026-05-12 18:00:00'),(282,28,NULL,4,4,'Seramiğin teknik boyutunu bu atölyeyle kavradım; her seviyeden katılımcı için gerçekten uygundur.',1,'2026-05-12 18:05:00'),(283,32,NULL,4,5,'Atölye süresi yeterliydi, eğitmen her adımda yardımcı oldu. Çok eğlenceli ve üretken bir gündü.',1,'2026-05-12 18:10:00'),(284,36,NULL,4,4,'Elinizle bir şekle hayat vermek bambaşka bir duygu; bu atölye o duyguyu ilk kez yaşattı bana.',1,'2026-05-12 18:15:00'),(285,40,NULL,4,5,'Seramiği çok merak ediyordum; bu atölye tüm sorularımı yanıtladı ve yaratıcılığımı açığa çıkardı.',1,'2026-05-12 18:20:00'),(286,24,NULL,5,5,'Procreate ile katman yönetimini bu atölyede öğrendim; dijital sanat bu kadar kapsamlı anlatılınca çok daha anlamlı geliyor.',1,'2026-05-13 09:00:00'),(287,26,NULL,5,4,'Tablet ile illüstrasyon konusunda acemiyidim; bu atölye sıfırdan profesyonel bir başlangıç yapacak altyapıyı verdi.',1,'2026-05-13 09:05:00'),(288,29,NULL,5,5,'Eğitmen her soruya somut bir örnek üzerinden yanıt verdi; bu yaklaşım konuyu gerçekten içselleştirmemi sağladı.',1,'2026-05-13 09:10:00'),(289,33,NULL,5,4,'Dijital sanata geçmek isteyenler için bu atölye mükemmel bir kapı; bir oturumda çok şey öğrendim.',1,'2026-05-13 09:15:00'),(290,37,NULL,5,5,'Renk teorisinden katman yönetimine kadar her şeyi çok net anlattılar; kesinlikle ileri seviye kursa da katılacağım.',1,'2026-05-13 09:20:00'),(291,25,NULL,6,5,'Osmanlıdan Cumhuriyete geçişi belgeleyen 50 özgün eser bir arada görmek çok etkileyiciydi; tarihsel bağlam mükemmel kurulmuş.',1,'2026-05-13 10:00:00'),(292,27,NULL,6,4,'Sergi akışı mantıklıydı, açıklama kartları yeterliydi. Bazı dönem eserleri çok nadiren bir arada sergileniyor.',1,'2026-05-13 10:05:00'),(293,30,NULL,6,5,'Türk sanat tarihinin bu kadar geniş bir perspektifle ele alındığı sergi nadir bir fırsat; herkese tavsiye ederim.',1,'2026-05-13 10:10:00'),(294,34,NULL,6,4,'Cumhuriyet dönemi eserleri özellikle çok etkileyiciydi; sanatçıların değişen toplumu nasıl resmettiği çarpıcı.',1,'2026-05-13 10:15:00'),(295,38,NULL,6,5,'Bu sergiyle Türk resim sanatına bakışım tamamen değişti; görsel anlatı bu kadar zengin olabilir bilmiyordum.',1,'2026-05-13 10:20:00'),(296,26,NULL,7,5,'Sanat tarihi seminerleriyle desteklenen bu sergi eşsizdi; Rönesans ustalığını bu kadar yakından hissetmek çok değerliydi.',1,'2026-05-13 11:00:00'),(297,29,NULL,7,4,'Reprodüksiyonlar gerçeği aratmıyordu; seminer dinledikten sonra sergiyi gezmek eserlere bakışı tamamen farklılaştırdı.',1,'2026-05-13 11:05:00'),(298,32,NULL,7,5,'Bu sergiyi gezenler Rönesans sanatına merak salıyor; benim için öyle oldu ve çok mutluyum.',1,'2026-05-13 11:10:00'),(299,35,NULL,7,4,'Sergi organizasyonu çok iyi; akış mantıklı ve zaman yönetimi kolaydı. Tekrar gelmek isterim.',1,'2026-05-13 11:15:00'),(300,39,NULL,7,5,'Rönesans ikonografisini bu sergide öğrenmek büyük bir ayrıcalıktı; her tablo bir hikaye anlatıyor.',1,'2026-05-13 11:20:00'),(301,24,NULL,8,5,'Genç Türk sanatçıların bu kadar özgün ve cesur işler ürettiğini görmek çok sevindirici; bu sergiye destek çok değerli.',1,'2026-05-13 12:00:00'),(302,27,NULL,8,4,'Karma sergilerde farklı tarzlar bazen uyumsuz durur ama bu sefer çok iyi kurgulanmıştı; her eser yerli yerindeydi.',1,'2026-05-13 12:05:00'),(303,31,NULL,8,5,'Yerli sanata bu platform verilmesi çok önemli; bazı isimler büyük potansiyel taşıyor ve keşfedilmeyi hak ediyor.',1,'2026-05-13 12:10:00'),(304,36,NULL,8,4,'Sergi çok iyi düzenlenmiş; bazı eserlerin fiyat etiketi görülünce sanatçıların da değer gördüğünü anlamak güzel.',1,'2026-05-13 12:15:00'),(305,40,NULL,8,5,'Çağdaş sanat korkutucu gelirdi bana; bu sergi o önyargıyı kırdı. Yerli sanatı takip etmeye başladım.',1,'2026-05-13 12:20:00'),(306,25,NULL,9,5,'Her oda farklı bir duygusal yoğunluk taşıyordu; ekspresyonizmin gücünü bu denli hissettiren sergi nadirdir.',1,'2026-05-13 13:00:00'),(307,28,NULL,9,4,'Van Gogh ve Munch bir arada sergilenince iki sanatçı arasındaki diyalog çok daha net anlaşılıyor.',1,'2026-05-13 13:05:00'),(308,32,NULL,9,5,'Tematik kurgu mükemmeldi; sergiyi gezerken sanat tarihi okuması gibi bir akış içinde kendinizi buluyorsunuz.',1,'2026-05-13 13:10:00'),(309,35,NULL,9,4,'Ekspresyonizmi teorik değil duygusal olarak kavramak istedim; bu sergi tam da bunu başardı.',1,'2026-05-13 13:15:00'),(310,39,NULL,9,5,'Her oda farklı bir renk ve duygu atmosferi kuruyordu; bu tematik yaklaşım sergiyi unutulmaz kıldı.',1,'2026-05-13 13:20:00'),(311,24,NULL,10,5,'NFT ve blockchain sanat ilişkisini bu konferansta gerçek anlamda kavradım; konuşmacılar sektörün içinden isimlerdi.',1,'2026-05-13 14:00:00'),(312,26,NULL,10,4,'Panel çok güncel örnekler içeriyordu; dijital koleksiyoncu olmayı düşünenler için biçilmiş kaftan.',1,'2026-05-13 14:05:00'),(313,30,NULL,10,3,'Konu çok ilginç ama bazı sunumlar teknik detaya fazla girdi; genel izleyici için biraz yoğun kaçabilir.',1,'2026-05-13 14:10:00'),(314,34,NULL,10,5,'Soru-cevap kısmı çok verimli geçti; uzmanlarla bu kadar interaktif bir ortamda tartışmak çok değerliydi.',1,'2026-05-13 14:15:00'),(315,38,NULL,10,4,'Bu konferans dijital sanat alanındaki bilgimi ciddi ölçüde genişletti; bir sonraki etkinliğe de katılacağım.',1,'2026-05-13 14:20:00'),(316,25,NULL,11,5,'Dr. Yıldız\'ın anlatımı hem akademik hem akıcıydı; Rönesans ikonografisini bu kadar zevkli öğreneceğimi düşünmezdim.',1,'2026-05-13 15:00:00'),(317,27,NULL,11,4,'Toplumsal bağlamla sanat arasındaki ilişki bu seminerde çok net işlendi; sergilere bakarken çok daha fazlasını görüyorum artık.',1,'2026-05-13 15:05:00'),(318,31,NULL,11,5,'Seminer çok bilgilendirici; görsel malzeme çok boldu ve her slayt ayrı bir keşif gibiydi.',1,'2026-05-13 15:10:00'),(319,35,NULL,11,4,'Rönesans hakkında çok şey okumuştum ama bu seminer bilgiyi sistematize etti; çok faydalıydı.',1,'2026-05-13 15:15:00'),(320,39,NULL,11,5,'Akademik bir seminerin bu kadar ilgi çekici sunulabileceğini Dr. Yıldız gösterdi; çok teşekkürler.',1,'2026-05-13 15:20:00'),(321,26,NULL,12,5,'Küratörlük alanındaki bu panel kariyer planlamama büyük katkı sağladı; gerçek projelerden örnekler çok somut ve ilham vericiydi.',1,'2026-05-13 16:00:00'),(322,29,NULL,12,4,'Panel çok iyi organize edilmişti; koleksiyon geliştirme konuşması özellikle değerliydi.',1,'2026-05-13 16:05:00'),(323,33,NULL,12,5,'Müze yönetiminin perde arkasını bu panel sayesinde ilk kez gördüm; hem pratik hem ilham vericiydi.',1,'2026-05-13 16:10:00'),(324,37,NULL,12,4,'Sergi tasarımı bölümü çok ilginçti; mekanın ziyaretçi psikolojisine etkisi üzerine hiç düşünmemiştim.',1,'2026-05-13 16:15:00'),(325,40,NULL,12,5,'Bu konferans sayesinde küratörlüğe bakışım tamamen değişti; profesyonellerden dinlemek çok aydınlatıcıydı.',1,'2026-05-13 16:20:00'),(326,24,NULL,13,5,'Trabzon\'un sanat mirasını bu tur sayesinde keşfettim; rehberin tarihsel anlatısı müzenin her köşesini canlandırdı.',1,'2026-05-13 17:00:00'),(327,27,NULL,13,4,'Tur çok iyi organize edilmişti; yerel sanat geleneği hakkında çok şey öğrendim ve Trabzon\'a bakışım değişti.',1,'2026-05-13 17:05:00'),(328,30,NULL,13,5,'Koleksiyonun zenginliği beklentilerimi aştı; rehber çok bilgiliydi ve grupla etkileşimi çok başarılıydı.',1,'2026-05-13 17:10:00'),(329,34,NULL,13,4,'Trabzon müzeleri bu denli zengin olabilir bilmiyordum; bu tur bir yerel sanat keşfiydi benim için.',1,'2026-05-13 17:15:00'),(330,38,NULL,13,5,'Tur süresi çok uygundu; ne çok kısa ne çok uzun. Sanat tarihini bu kadar keyifli anlatan bir rehber nadirdir.',1,'2026-05-13 17:20:00'),(331,25,NULL,14,5,'İstanbul Modern ve Pera Müzesi aynı günde gezmek mükemmeldi; organizasyon hiç aksamaması çok önemli bir artı.',1,'2026-05-13 18:00:00'),(332,28,NULL,14,5,'Boğaz manzarasıyla bütünleşen sergi alanı başlı başına bir eser; bu geziye katılmak çok doğru bir karardı.',1,'2026-05-13 18:05:00'),(333,31,NULL,14,4,'Rehber çok bilgiliydi; iki müzeyi bir günde gezmek yoğun ama verimli. Tekrar katılmak isterim.',1,'2026-05-13 18:10:00'),(334,35,NULL,14,5,'Pera Müzesi\'ndeki koleksiyon çok etkileyiciydi; bu tur sayesinde keşfettiğim eserler hayranlık uyandırdı.',1,'2026-05-13 18:15:00'),(335,39,NULL,14,4,'Ulaşım organizasyonu çok başarılıydı; otobüs konforu biraz daha iyi olabilirdi ama içerik mükemmeldi.',1,'2026-05-13 18:20:00'),(336,26,NULL,15,5,'Türkiye\'nin ilk devlet müzesini bu tur sayesinde gerçek anlamda tanıdım; koleksiyonun derinliği inanılmaz.',1,'2026-05-13 19:00:00'),(337,29,NULL,15,4,'Ankara\'nın sanat birikimini ortaya koyan harika bir tur; öğle yemeğinin dahil olması organizasyonu çok kolaylaştırdı.',1,'2026-05-13 19:05:00'),(338,32,NULL,15,5,'Uzun bir yolculuk ama müzenin koleksiyonu her şeye değer; tarihsel atmosfer eserlere ayrı bir anlam katıyor.',1,'2026-05-13 19:10:00'),(339,36,NULL,15,4,'Tur rehberi çok bilgiliydi; Erken Cumhuriyet dönemi eserleri özellikle etkileyiciydi.',1,'2026-05-13 19:15:00'),(340,40,NULL,15,5,'Bu tur sanat tarihimizle yüzleşmek için mükemmel bir fırsat; kesinlikle tavsiye ederim.',1,'2026-05-13 19:20:00'),(341,27,3,NULL,4,'Çığlık siparişim onaylandı; Munch\'ün bu varoluşsal şaheserini çalışma odamda görmek istiyorum.',0,'2026-05-14 09:00:00'),(342,28,5,NULL,4,'Sistine sahnesi onay bekliyor; Michelangelo\'nun bu ikonik anını evimde bulundurmak büyük bir heyecan.',0,'2026-05-14 09:05:00'),(343,29,8,NULL,4,'Venüsün Doğuşu kargoya verildi; Botticelli\'nin o zarif renkleri evime girince nasıl görünecek merak ediyorum.',0,'2026-05-14 09:10:00'),(344,30,16,NULL,4,'İnci Küpeli Kız siparişim onaylandı, bekliyorum. Vermeer\'in bu eserini uzun zamandır istiyordum.',0,'2026-05-14 09:15:00'),(345,31,18,NULL,4,'Gece Devriyesi kargoya verildi; o devasa Barok anıtsallığı evimde nasıl duracak merak ediyorum.',0,'2026-05-14 09:20:00'),(346,32,21,NULL,4,'Guernica siparişim onaylı, merakla bekliyorum. Tarihin bu sanatsal tanığını evime almak çok anlamlı.',0,'2026-05-14 09:25:00'),(347,33,26,NULL,4,'Uyku siparişim kargoya verildi; Dalí\'nin bilinçaltı yorumunu ev duvarımda görmek istiyorum.',0,'2026-05-14 09:30:00'),(348,34,6,NULL,3,'Belleğin Azmi siparişim beklemede; sürrealizmin bu ikonik eserini almak için uzun süre düşündüm.',0,'2026-05-14 09:35:00'),(349,35,10,NULL,4,'Son Akşam Yemeği kargoya verildi; bu kadar anıtsal bir eserin baskısını sabırsızlıkla bekliyorum.',0,'2026-05-14 09:40:00'),(350,36,22,NULL,4,'Avignonlu Kızlar siparişim onaylandı; modern sanatın kırılma noktasını evimde görmek heyecan verici.',0,'2026-05-14 09:45:00'),(351,37,29,NULL,4,'Primavera siparişim kargoda; Botticelli\'nin bahar masalı bir an önce kapıma gelmeli!',0,'2026-05-14 09:50:00'),(352,38,4,NULL,4,'Atina Okulu siparişim onaylı; felsefi derinliği olan bu eseri çalışma odama almak istiyorum.',0,'2026-05-14 09:55:00'),(353,39,23,NULL,3,'Ağlayan Kadın kargoya verildi; Dora Maar\'ın o kübist ifadesi ev ortamında nasıl duracak merak ediyorum.',0,'2026-05-14 10:00:00'),(354,40,31,NULL,4,'Hayatın Dansı siparişim onaylandı; Munch\'ün aşk-ölüm döngüsü beni uzun zamandır etkilemektedir.',0,'2026-05-14 10:05:00'),(355,24,19,NULL,4,'İzlenim: Gün Doğumu kargoda; tüm bir akımın adını taşıyan bu eseri evimdeki yerinde görmek istiyorum.',0,'2026-05-14 10:10:00'),(356,25,28,NULL,4,'Gece Kafesi kargoya verildi; Van Gogh\'un sarı ışıkla gece laciverdini bu kadar çarpıcı kullanan başka eser yok.',0,'2026-05-14 10:15:00'),(357,26,11,NULL,3,'Galeri No. 13 kargoda; soyut Türk sanatına ilgi duyuyorum ve bu eseri merakla bekliyorum.',0,'2026-05-14 10:20:00'),(358,27,17,NULL,4,'Süt Döken Kadın onay bekleniyor; Vermeer\'in bu sade ama derin eseri çok uzun zamandır favorimdir.',0,'2026-05-14 10:25:00'),(359,28,25,NULL,3,'Dikenli Kolye ile Otoportre kargoda; Frida\'nın bu eserindeki o derin acı ve direniş beni her zaman etkiler.',0,'2026-05-14 10:30:00'),(360,29,30,NULL,4,'Vitruvius Adamı beklemede; sanat ve bilimin bu buluşmasını ofisime almak istiyorum.',0,'2026-05-14 10:35:00'),(361,30,14,NULL,4,'Zeybekler siparişim onaylandı; Milli Mücadele\'nin bu destansı tablosunu evimde görmek büyük bir gurur verecek.',0,'2026-05-14 10:40:00'),(362,31,20,NULL,4,'Nilüferler kargoda; Monet\'nin su zambaklarının o huzurlu kompozisyonu evi sakinleştirmeli.',0,'2026-05-14 10:45:00'),(363,32,27,NULL,4,'Ayçiçekleri siparişim onaylandı; Van Gogh\'un bu enerjik natürmortunu sabırsızlıkla bekliyorum.',0,'2026-05-14 10:50:00'),(364,33,32,NULL,4,'Adele Bloch-Bauer siparişim kargoya verildi; Klimt\'in altın ışıltısı evimi aydınlatmalı!',0,'2026-05-14 10:55:00');
/*!40000 ALTER TABLE `reviews` ENABLE KEYS */;
UNLOCK TABLES;

--
-- Table structure for table `support_tickets`
--

DROP TABLE IF EXISTS `support_tickets`;
/*!40101 SET @saved_cs_client     = @@character_set_client */;
/*!50503 SET character_set_client = utf8mb4 */;
CREATE TABLE `support_tickets` (
  `id` int NOT NULL AUTO_INCREMENT,
  `user_id` int DEFAULT NULL,
  `name` varchar(120) CHARACTER SET utf8mb4 COLLATE utf8mb4_turkish_ci NOT NULL,
  `email` varchar(180) CHARACTER SET utf8mb4 COLLATE utf8mb4_turkish_ci NOT NULL,
  `message` text CHARACTER SET utf8mb4 COLLATE utf8mb4_turkish_ci NOT NULL,
  `status` enum('açık','işlemde','kapatıldı') CHARACTER SET utf8mb4 COLLATE utf8mb4_turkish_ci DEFAULT 'açık',
  `admin_reply` text CHARACTER SET utf8mb4 COLLATE utf8mb4_turkish_ci,
  `replied_at` datetime DEFAULT NULL,
  `created_at` datetime DEFAULT CURRENT_TIMESTAMP,
  PRIMARY KEY (`id`),
  KEY `user_id` (`user_id`),
  CONSTRAINT `support_tickets_ibfk_1` FOREIGN KEY (`user_id`) REFERENCES `users` (`id`)
) ENGINE=InnoDB AUTO_INCREMENT=6 DEFAULT CHARSET=utf8mb4 COLLATE=utf8mb4_turkish_ci;
/*!40101 SET character_set_client = @saved_cs_client */;

--
-- Dumping data for table `support_tickets`
--

LOCK TABLES `support_tickets` WRITE;
/*!40000 ALTER TABLE `support_tickets` DISABLE KEYS */;
INSERT INTO `support_tickets` VALUES (1,2,'Ali Yılmaz','ali@mail.com','Siparisim 3 gündür kargoda görünüyor, ne zaman gelir?','kapatıldı','hemen gönderiyoruz efendim','2026-05-11 16:39:21','2026-05-09 19:27:38'),(2,3,'Ayşe Kara','ayse@mail.com','Atolye rezervasyonumu iptal etmek istiyorum, ücret iadesi nasil yapılır?','açık',NULL,NULL,'2026-05-09 19:27:38'),(3,8,'eren kuşdil','kusdileren@gmail.com','bilgi alabilir miyim','kapatıldı','tabiiki','2026-05-10 21:50:37','2026-05-10 21:49:25'),(4,5,'Berat Kayar','kayar@ktu.edu.tr','sa','kapatıldı','as','2026-05-11 16:37:58','2026-05-11 16:37:45'),(5,1,'Admin','admin@ktu.edu.tr','günaydın','açık',NULL,NULL,'2026-05-14 15:32:56');
/*!40000 ALTER TABLE `support_tickets` ENABLE KEYS */;
UNLOCK TABLES;

--
-- Table structure for table `users`
--

DROP TABLE IF EXISTS `users`;
/*!40101 SET @saved_cs_client     = @@character_set_client */;
/*!50503 SET character_set_client = utf8mb4 */;
CREATE TABLE `users` (
  `id` int NOT NULL AUTO_INCREMENT,
  `full_name` varchar(120) CHARACTER SET utf8mb4 COLLATE utf8mb4_turkish_ci NOT NULL,
  `email` varchar(180) CHARACTER SET utf8mb4 COLLATE utf8mb4_turkish_ci NOT NULL,
  `password` varchar(255) CHARACTER SET utf8mb4 COLLATE utf8mb4_turkish_ci NOT NULL,
  `role` enum('kullanici','admin') CHARACTER SET utf8mb4 COLLATE utf8mb4_turkish_ci DEFAULT 'kullanici',
  `created_at` datetime DEFAULT CURRENT_TIMESTAMP,
  PRIMARY KEY (`id`),
  UNIQUE KEY `email` (`email`)
) ENGINE=InnoDB AUTO_INCREMENT=41 DEFAULT CHARSET=utf8mb4 COLLATE=utf8mb4_turkish_ci;
/*!40101 SET character_set_client = @saved_cs_client */;

--
-- Dumping data for table `users`
--

LOCK TABLES `users` WRITE;
/*!40000 ALTER TABLE `users` DISABLE KEYS */;
INSERT INTO `users` VALUES (1,'Admin','admin@ktu.edu.tr','$2b$12$UpOhmOnrbWInDGbw6yjs.uLHDIF/HhDyr/mkPDpLdfM2QQXKorluy','admin','2026-05-09 19:27:38'),(2,'Ali Yılmaz','ali@mail.com','$2b$12$k4RUUNn6sB82PtzXafNUvuN.iRop2ssNfbfewprhJpsWpM5DLrZnu','kullanici','2026-05-09 19:27:38'),(3,'Ayşe Kara','ayse@mail.com','$2b$12$R/OnVkl6vaA6VeYXI.u/n.LyFliRI3pJWt1DNKK4ylxCQlcTYUm.W','kullanici','2026-05-09 19:27:38'),(4,'Berat Kaymaz','berat@ktu.edu.tr','$2b$12$pcYiEcOnTh5N411D4UKH9.EZMVTZqbMUdriu/3FEAYFZur5vieoKa','kullanici','2026-05-09 19:41:56'),(5,'Berat Kayar','kayar@ktu.edu.tr','$2b$12$jOM6Iy/wFzay1vLmRWCz5uwoFMmziHC24oR2Sqp8cgA/TAzah8Ky6','admin','2026-05-09 19:50:35'),(7,'Arda Gülmez','arda@mail.com','$2b$12$KmXRHXJHiE0RSS8zw79zueartYoztEr1pGtvRvx8YPWD4hJjjwuRe','kullanici','2026-05-10 18:07:25'),(8,'eren kuşdil','kusdileren@gmail.com','$2b$12$9paarJEZ2Vb1K6Drg3A1LuN1Yy4HahmOf4D8z7T94gUEsnPotk/q6','kullanici','2026-05-10 21:49:07'),(9,'Zeynep Arslan','zeynep@mail.com','$2b$12$gckzNGi/7471EdhYRBAwWOq3cwANFVVJxSDTkhQ.PmaDUaHPF0Ja.','kullanici','2026-05-11 10:00:00'),(10,'Mehmet Demir','mehmet@mail.com','$2b$12$nVTTZD4Q9VP7zXRpNDbFg.GVEWtfitA0wDGMW78anUeC8y5UxcEU6','kullanici','2026-05-11 10:00:00'),(11,'Fatma Şahin','fatma@mail.com','$2b$12$MOosD2VtqAzlh8O6FbD7oOlXPwg3YHfKgTJQurCkDhGqJpwUNiSi2','kullanici','2026-05-11 10:00:00'),(12,'Can Öztürk','can@mail.com','$2b$12$6f7yYUPziLLMiZ2nx61QX..XpmlPSviloJnYMPOstdmhcXbA5TkY.','kullanici','2026-05-11 10:00:00'),(13,'Selin Yıldız','selin@mail.com','$2b$12$FVu9CAjEKAKijGKsGpClAuG0MNl9IND82H8KmAJPiQ7Dvw2nraWJu','kullanici','2026-05-11 10:00:00'),(14,'Emre Çelik','emre@mail.com','$2b$12$LIKl39/TX0O74nUZcRHgd.1GaYMVkohxZwnpwzlTVffHV05Faie9O','kullanici','2026-05-11 10:00:00'),(15,'Büşra Koç','busra@mail.com','$2b$12$Q796W7komR0yTu5kioHEzOljBrlc.jwt8nTlcC4u5lwgmKRGNeouu','kullanici','2026-05-11 10:00:00'),(16,'Oğuz Aydın','oguz@mail.com','$2b$12$4jvCTGoo2AtxFoKQL9OMd.zgsQc5X6xRWMPbHh0ovaDgd3bPE0ijC','kullanici','2026-05-11 10:00:00'),(17,'Derya Kaya','derya@mail.com','$2b$12$VwvGgZzlfYvZA3PR2bHgq.V1p7.oVypSzL/f6ZXOPElcYWjMwsLvW','kullanici','2026-05-11 10:00:00'),(18,'Tolga Polat','tolga@mail.com','$2b$12$E1.WwCk8a0qWXzbr0zski.TI.tXDtRJ4/MPo1aMcQsOGElpBaFRXm','kullanici','2026-05-11 10:00:00'),(19,'İrem Doğan','irem@mail.com','$2b$12$/kXKtz13iTvw9UwUvD.eT.zSFoBMVrTl8U7ug.NNH6d3tB62iskhe','kullanici','2026-05-11 10:00:00'),(20,'Serkan Güneş','serkan@mail.com','$2b$12$eQOTLzYJeeiT0InSIR.vr.ztAx43yGQRaVFx5FnGAg/MoC71gqWg.','kullanici','2026-05-11 10:00:00'),(21,'Merve Aktaş','merve@mail.com','$2b$12$v3uBUYBsEV0zlGETf7C2veopDI5/WbvvmnctoIEK6bc.uhu/doy3G','kullanici','2026-05-11 10:00:00'),(22,'Burak Erdoğan','burak@mail.com','$2b$12$Yq4ux6zIMaGx/u2Pb6KrEeDeBqV3T/X1N7QIsT65Xgaz/4QyaAwEq','kullanici','2026-05-11 10:00:00'),(23,'Nisan Toprak','nisan@mail.com','$2b$12$nIjsYCxdqTKqLcUm3KuaFeGx6Amm25kM2Nh0mbXgktDAha5JCe6je','kullanici','2026-05-11 10:00:00'),(24,'Hande Yıldırım','hande@mail.com','$2b$12$UpOhmOnrbWInDGbw6yjs.uLHDIF/HhDyr/mkPDpLdfM2QQXKorluy','kullanici','2026-05-12 09:00:00'),(25,'Kaan Şimşek','kaan@mail.com','$2b$12$UpOhmOnrbWInDGbw6yjs.uLHDIF/HhDyr/mkPDpLdfM2QQXKorluy','kullanici','2026-05-12 09:05:00'),(26,'Ece Bulut','ece@mail.com','$2b$12$UpOhmOnrbWInDGbw6yjs.uLHDIF/HhDyr/mkPDpLdfM2QQXKorluy','kullanici','2026-05-12 09:10:00'),(27,'Barış Çetin','baris@mail.com','$2b$12$UpOhmOnrbWInDGbw6yjs.uLHDIF/HhDyr/mkPDpLdfM2QQXKorluy','kullanici','2026-05-12 09:15:00'),(28,'Pınar Aksoy','pinar@mail.com','$2b$12$UpOhmOnrbWInDGbw6yjs.uLHDIF/HhDyr/mkPDpLdfM2QQXKorluy','kullanici','2026-05-12 09:20:00'),(29,'Murat Özer','murat@mail.com','$2b$12$UpOhmOnrbWInDGbw6yjs.uLHDIF/HhDyr/mkPDpLdfM2QQXKorluy','kullanici','2026-05-12 09:25:00'),(30,'Yasemin Kurt','yasemin@mail.com','$2b$12$UpOhmOnrbWInDGbw6yjs.uLHDIF/HhDyr/mkPDpLdfM2QQXKorluy','kullanici','2026-05-12 09:30:00'),(31,'Onur Karaca','onur@mail.com','$2b$12$UpOhmOnrbWInDGbw6yjs.uLHDIF/HhDyr/mkPDpLdfM2QQXKorluy','kullanici','2026-05-12 09:35:00'),(32,'Gizem Sarı','gizem@mail.com','$2b$12$UpOhmOnrbWInDGbw6yjs.uLHDIF/HhDyr/mkPDpLdfM2QQXKorluy','kullanici','2026-05-12 09:40:00'),(33,'Alp Tekin','alp@mail.com','$2b$12$UpOhmOnrbWInDGbw6yjs.uLHDIF/HhDyr/mkPDpLdfM2QQXKorluy','kullanici','2026-05-12 09:45:00'),(34,'Nil Güler','nil@mail.com','$2b$12$UpOhmOnrbWInDGbw6yjs.uLHDIF/HhDyr/mkPDpLdfM2QQXKorluy','kullanici','2026-05-12 09:50:00'),(35,'Serhat Demirci','serhat@mail.com','$2b$12$UpOhmOnrbWInDGbw6yjs.uLHDIF/HhDyr/mkPDpLdfM2QQXKorluy','kullanici','2026-05-12 09:55:00'),(36,'Tuğçe Arslan','tugce@mail.com','$2b$12$UpOhmOnrbWInDGbw6yjs.uLHDIF/HhDyr/mkPDpLdfM2QQXKorluy','kullanici','2026-05-12 10:00:00'),(37,'Volkan Işık','volkan@mail.com','$2b$12$UpOhmOnrbWInDGbw6yjs.uLHDIF/HhDyr/mkPDpLdfM2QQXKorluy','kullanici','2026-05-12 10:05:00'),(38,'Dilara Güneş','dilara@mail.com','$2b$12$UpOhmOnrbWInDGbw6yjs.uLHDIF/HhDyr/mkPDpLdfM2QQXKorluy','kullanici','2026-05-12 10:10:00'),(39,'Furkan Çelik','furkan@mail.com','$2b$12$UpOhmOnrbWInDGbw6yjs.uLHDIF/HhDyr/mkPDpLdfM2QQXKorluy','kullanici','2026-05-12 10:15:00'),(40,'Aylin Korkmaz','aylin@mail.com','$2b$12$UpOhmOnrbWInDGbw6yjs.uLHDIF/HhDyr/mkPDpLdfM2QQXKorluy','kullanici','2026-05-12 10:20:00');
/*!40000 ALTER TABLE `users` ENABLE KEYS */;
UNLOCK TABLES;
/*!40103 SET TIME_ZONE=@OLD_TIME_ZONE */;

/*!40101 SET SQL_MODE=@OLD_SQL_MODE */;
/*!40014 SET FOREIGN_KEY_CHECKS=@OLD_FOREIGN_KEY_CHECKS */;
/*!40014 SET UNIQUE_CHECKS=@OLD_UNIQUE_CHECKS */;
/*!40101 SET CHARACTER_SET_CLIENT=@OLD_CHARACTER_SET_CLIENT */;
/*!40101 SET CHARACTER_SET_RESULTS=@OLD_CHARACTER_SET_RESULTS */;
/*!40101 SET COLLATION_CONNECTION=@OLD_COLLATION_CONNECTION */;
/*!40111 SET SQL_NOTES=@OLD_SQL_NOTES */;

-- Dump completed on 2026-05-16 18:33:48
